antecedents,consequents
Divinity Jumpsuit,Cozy Fleece Perfect Zip Hoodie
Cozy Fleece Perfect Zip Hoodie,Divinity Jumpsuit
The Powder Parka™,Divinity Jumpsuit
Divinity Jumpsuit,The Powder Parka™
Divinity Jumpsuit,Avery Overall
Avery Overall,Divinity Jumpsuit
The Powder Parka™,Cozy Fleece Perfect Zip Hoodie
Cozy Fleece Perfect Zip Hoodie,The Powder Parka™
Divinity Jumpsuit,TnaCHILL™ Atmosphere Hi-Rise Legging
TnaCHILL™ Atmosphere Hi-Rise Legging,Divinity Jumpsuit
Cozy Fleece Perfect Zip Hoodie,Avery Overall
Avery Overall,Cozy Fleece Perfect Zip Hoodie
Society Sweater,Divinity Jumpsuit
Divinity Jumpsuit,Society Sweater
Divinity Jumpsuit,The Ganna™ Shirt Jacket
The Ganna™ Shirt Jacket,Divinity Jumpsuit
Cozy Fleece Boyfriend Hoodie,Cozy Fleece Perfect Zip Hoodie
Cozy Fleece Perfect Zip Hoodie,Cozy Fleece Boyfriend Hoodie
Justin Jacket,Divinity Jumpsuit
Divinity Jumpsuit,Justin Jacket
Divinity Jumpsuit,Troop Cargo Pant
Troop Cargo Pant,Divinity Jumpsuit
Divinity Jumpsuit,Cozy Fleece Boyfriend Hoodie
Cozy Fleece Boyfriend Hoodie,Divinity Jumpsuit
The Powder Parka™,Cozy Fleece Boyfriend Hoodie
Cozy Fleece Boyfriend Hoodie,The Powder Parka™
Justin Jacket,Cozy Fleece Perfect Zip Hoodie
Cozy Fleece Perfect Zip Hoodie,Justin Jacket
The Slouch™ Coat New,Divinity Jumpsuit
Divinity Jumpsuit,The Slouch™ Coat New
The Ganna™ Shirt Jacket,Cozy Fleece Perfect Zip Hoodie
Cozy Fleece Perfect Zip Hoodie,The Ganna™ Shirt Jacket
The Powder Parka™,The Ganna™ Shirt Jacket
The Ganna™ Shirt Jacket,The Powder Parka™
Divinity Jumpsuit,Supply Cargo Pant
Supply Cargo Pant,Divinity Jumpsuit
Cozy Fleece Perfect Zip Hoodie,Troop Cargo Pant
Troop Cargo Pant,Cozy Fleece Perfect Zip Hoodie
Divinity Jumpsuit,The Super Puff™
The Super Puff™,Divinity Jumpsuit
Cozy Fleece Perfect Zip Hoodie,TnaCHILL™ Atmosphere Hi-Rise Legging
TnaCHILL™ Atmosphere Hi-Rise Legging,Cozy Fleece Perfect Zip Hoodie
Divinity Jumpsuit,The Effortless Pant
The Effortless Pant,Divinity Jumpsuit
Justin Jacket,Avery Overall
Avery Overall,Justin Jacket
The Powder Parka™,Avery Overall
Society Sweater,TnaCHILL™ Atmosphere Hi-Rise Legging
TnaCHILL™ Atmosphere Hi-Rise Legging,Society Sweater
Avery Overall,The Powder Parka™
The Powder Parka™,Justin Jacket
Justin Jacket,The Powder Parka™
The Slouch™ Coat New,Cozy Fleece Perfect Zip Hoodie
Cozy Fleece Perfect Zip Hoodie,The Slouch™ Coat New
Cozy Fleece Perfect Zip Hoodie,Society Sweater
Society Sweater,Cozy Fleece Perfect Zip Hoodie
The Ganna™ Shirt Jacket,Avery Overall
Supply Cargo Pant,Cozy Fleece Perfect Zip Hoodie
Cozy Fleece Perfect Zip Hoodie,Supply Cargo Pant
Avery Overall,The Ganna™ Shirt Jacket
Cozy Fleece Boyfriend Hoodie,Avery Overall
Avery Overall,Cozy Fleece Boyfriend Hoodie
Refined Cargo Pant,Divinity Jumpsuit
Divinity Jumpsuit,Refined Cargo Pant
Cozy Fleece Perfect Zip Hoodie,Alftan Luxe Cashmere Cardigan
Alftan Luxe Cashmere Cardigan,Cozy Fleece Perfect Zip Hoodie
Cozy Fleece Perfect Zip Hoodie,The Super Puff™
The Super Puff™,Cozy Fleece Perfect Zip Hoodie
Alftan Luxe Cashmere Cardigan,Divinity Jumpsuit
Avery Overall,TnaCHILL™ Atmosphere Hi-Rise Legging
TnaCHILL™ Atmosphere Hi-Rise Legging,Avery Overall
Divinity Jumpsuit,Alftan Luxe Cashmere Cardigan
The Powder Parka™,Society Sweater
Society Sweater,The Powder Parka™
Divinity Jumpsuit,Alchemy Dress
Alchemy Dress,Divinity Jumpsuit
TnaCHILL™ Atmosphere Hi-Rise Legging,The Powder Parka™
Society Sweater,The Effortless Pant
The Powder Parka™,TnaCHILL™ Atmosphere Hi-Rise Legging
The Effortless Pant,Society Sweater
Troop Cargo Pant,The Powder Parka™
The Powder Parka™,Troop Cargo Pant
The Ganna™ Shirt Jacket,Cozy Fleece Boyfriend Hoodie
Cozy Fleece Boyfriend Hoodie,The Ganna™ Shirt Jacket
The Ganna™ Shirt Jacket,TnaCHILL™ Atmosphere Hi-Rise Legging
TnaCHILL™ Atmosphere Hi-Rise Legging,The Ganna™ Shirt Jacket
Justin Jacket,Cozy Fleece Boyfriend Hoodie
Cozy Fleece Boyfriend Hoodie,Justin Jacket
Cozy Fleece Boyfriend Hoodie,The Slouch™ Coat New
The Slouch™ Coat New,Cozy Fleece Boyfriend Hoodie
The Super Puff™,The Powder Parka™
The Powder Parka™,The Super Puff™
Justin Jacket,Troop Cargo Pant
Troop Cargo Pant,Justin Jacket
TnaCHILL™ Atmosphere Hi-Rise Legging,Justin Jacket
Justin Jacket,TnaCHILL™ Atmosphere Hi-Rise Legging
Avery Overall,Supply Cargo Pant
Supply Cargo Pant,Avery Overall
The Slouch™ Coat New,Avery Overall
Avery Overall,The Slouch™ Coat New
The Ganna™ Shirt Jacket,Justin Jacket
Justin Jacket,The Ganna™ Shirt Jacket
The Slouch™ Coat New,The Powder Parka™
The Powder Parka™,The Slouch™ Coat New
Troop Cargo Pant,Avery Overall
Avery Overall,Troop Cargo Pant
The Slouch™ Coat New,The Ganna™ Shirt Jacket
The Ganna™ Shirt Jacket,The Slouch™ Coat New
The Ganna™ Shirt Jacket,Society Sweater
Society Sweater,The Ganna™ Shirt Jacket
Avery Overall,Society Sweater
Society Sweater,Avery Overall
The Effortless Pant,TnaCHILL™ Atmosphere Hi-Rise Legging
The Powder Parka™,Supply Cargo Pant
TnaCHILL™ Atmosphere Hi-Rise Legging,The Effortless Pant
Supply Cargo Pant,The Powder Parka™
TnaCHILL™ Atmosphere Hi-Rise Legging,Cozy Fleece Boyfriend Hoodie
Cozy Fleece Boyfriend Hoodie,TnaCHILL™ Atmosphere Hi-Rise Legging
Cozy Fleece Boyfriend Hoodie,The Super Puff™
The Super Puff™,Cozy Fleece Boyfriend Hoodie
The Powder Parka™,Refined Cargo Pant
Refined Cargo Pant,The Powder Parka™
The Ganna™ Shirt Jacket,Troop Cargo Pant
Troop Cargo Pant,Cozy Fleece Boyfriend Hoodie
Cozy Fleece Boyfriend Hoodie,Troop Cargo Pant
Troop Cargo Pant,The Ganna™ Shirt Jacket
Troop Cargo Pant,Society Sweater
Society Sweater,Troop Cargo Pant
Justin Jacket,Weekend T-Shirt
Weekend T-Shirt,Justin Jacket
TnaCHILL™ Atmosphere Hi-Rise Legging,Troop Cargo Pant
Troop Cargo Pant,TnaCHILL™ Atmosphere Hi-Rise Legging
The Powder Parka™,Alftan Luxe Cashmere Cardigan
Alftan Luxe Cashmere Cardigan,The Powder Parka™
Cozy Fleece Boyfriend Hoodie,Society Sweater
Society Sweater,Cozy Fleece Boyfriend Hoodie
Supply Cargo Pant,Justin Jacket
Justin Jacket,Supply Cargo Pant
The Slouch™ Coat New,Society Sweater
Society Sweater,The Slouch™ Coat New
The Slouch™ Coat New,TnaCHILL™ Atmosphere Hi-Rise Legging
TnaCHILL™ Atmosphere Hi-Rise Legging,The Slouch™ Coat New
Justin Jacket,The Slouch™ Coat New
The Slouch™ Coat New,Justin Jacket
Justin Jacket,The Super Puff™
The Super Puff™,Justin Jacket
The Powder Parka™,Alchemy Dress
Alchemy Dress,The Powder Parka™
Divinity Jumpsuit,Sno Polar Shirt
The Super Puff™,Troop Cargo Pant
Sno Polar Shirt,Divinity Jumpsuit
Troop Cargo Pant,The Super Puff™
Power Hip Blazer,Cozy Fleece Perfect Zip Hoodie
The Slouch™ Coat New,Troop Cargo Pant
Troop Cargo Pant,The Slouch™ Coat New
Cozy Fleece Perfect Zip Hoodie,Power Hip Blazer
Power Hip Blazer,The Powder Parka™
The Powder Parka™,Power Hip Blazer
Contour Crew Longsleeve Bodysuit,Cozy Fleece Perfect Zip Hoodie
Cozy Fleece Perfect Zip Hoodie,Contour Crew Longsleeve Bodysuit
The Effortless Pant,Cozy Fleece Perfect Zip Hoodie
Cozy Fleece Perfect Zip Hoodie,The Effortless Pant
Contour Crew Longsleeve Bodysuit,Divinity Jumpsuit
Divinity Jumpsuit,Contour Crew Longsleeve Bodysuit
The Super Puff™,The Ganna™ Shirt Jacket
The Ganna™ Shirt Jacket,The Super Puff™
Power Hip Blazer,Divinity Jumpsuit
Divinity Jumpsuit,Power Hip Blazer
Justin Jacket,Society Sweater
Society Sweater,Justin Jacket
Supply Cargo Pant,Cozy Fleece Boyfriend Hoodie
Cozy Fleece Boyfriend Hoodie,Supply Cargo Pant
The Powder Parka™,The Effortless Pant
The Effortless Pant,The Powder Parka™
The Super Puff™,Avery Overall
Avery Overall,The Super Puff™
TnaCHILL™ Atmosphere Hi-Rise Legging,Supply Cargo Pant
Supply Cargo Pant,TnaCHILL™ Atmosphere Hi-Rise Legging
Cozy Fleece Perfect Zip Hoodie,Refined Cargo Pant
Refined Cargo Pant,Cozy Fleece Perfect Zip Hoodie
Cozy Fleece Perfect Zip Hoodie,Alchemy Dress
Alchemy Dress,Cozy Fleece Perfect Zip Hoodie
Alftan Luxe Cashmere Cardigan,Cozy Fleece Boyfriend Hoodie
Cozy Fleece Boyfriend Hoodie,Alftan Luxe Cashmere Cardigan
Society Sweater,Supply Cargo Pant
Supply Cargo Pant,Society Sweater
Supply Cargo Pant,The Slouch™ Coat New
The Slouch™ Coat New,Supply Cargo Pant
TnaCHILL™ Atmosphere Hi-Rise Legging,The Super Puff™
The Super Puff™,TnaCHILL™ Atmosphere Hi-Rise Legging
Society Sweater,The Super Puff™
The Super Puff™,Society Sweater
Izzy Cardigan,Divinity Jumpsuit
Supply Cargo Pant,The Ganna™ Shirt Jacket
The Ganna™ Shirt Jacket,Supply Cargo Pant
Alftan Luxe Cashmere Cardigan,Justin Jacket
Justin Jacket,Alftan Luxe Cashmere Cardigan
Greenwich Pant,Divinity Jumpsuit
The Super Puff™,Alchemy Dress
Alchemy Dress,The Super Puff™
Greenwich Pant,The Powder Parka™
The Powder Parka™,Greenwich Pant
Avery Overall,Alftan Luxe Cashmere Cardigan
Alftan Luxe Cashmere Cardigan,Avery Overall
Avery Overall,The Effortless Pant
The Effortless Pant,Avery Overall
The Super Puff™,The Slouch™ Coat New
The Slouch™ Coat New,The Super Puff™
Cozy Fleece Perfect Zip Hoodie,Izzy Cardigan
Izzy Cardigan,Cozy Fleece Perfect Zip Hoodie
Alftan Luxe Cashmere Cardigan,The Ganna™ Shirt Jacket
The Ganna™ Shirt Jacket,Alftan Luxe Cashmere Cardigan
Troop Cargo Pant,The Effortless Pant
The Effortless Pant,Troop Cargo Pant
Supply Cargo Pant,Troop Cargo Pant
Troop Cargo Pant,Supply Cargo Pant
Contour Crew Longsleeve Bodysuit,The Powder Parka™
The Powder Parka™,Contour Crew Longsleeve Bodysuit
Cozy Fleece Boyfriend Hoodie,Power Hip Blazer
Power Hip Blazer,Cozy Fleece Boyfriend Hoodie
Justin Jacket,Power Hip Blazer
Power Hip Blazer,Justin Jacket
Alchemy Dress,Society Sweater
The Effortless Pant,The Ganna™ Shirt Jacket
The Ganna™ Shirt Jacket,The Effortless Pant
Society Sweater,Alchemy Dress
Izzy Cardigan,Troop Cargo Pant
Troop Cargo Pant,Izzy Cardigan
Justin Jacket,Contour Crew Longsleeve Bodysuit
Contour Crew Longsleeve Bodysuit,Justin Jacket
Cozy Fleece Boyfriend Hoodie,Refined Cargo Pant
Refined Cargo Pant,Cozy Fleece Boyfriend Hoodie
Justin Jacket,The Effortless Pant
The Effortless Pant,Justin Jacket
The Slouch™ Coat New,The Effortless Pant
Cozy Fleece Perfect Zip Hoodie,Greenwich Pant
The Effortless Pant,The Slouch™ Coat New
Greenwich Pant,Cozy Fleece Perfect Zip Hoodie
The Effortless Pant,Cozy Fleece Boyfriend Hoodie
The Super Puff™ Long,Divinity Jumpsuit
Cozy Fleece Boyfriend Hoodie,The Effortless Pant
Troop Cargo Pant,Alftan Luxe Cashmere Cardigan
Alftan Luxe Cashmere Cardigan,Troop Cargo Pant
Alftan Luxe Cashmere Cardigan,The Slouch™ Coat New
The Slouch™ Coat New,Alftan Luxe Cashmere Cardigan
Alchemy Dress,The Ganna™ Shirt Jacket
The Ganna™ Shirt Jacket,Alchemy Dress
The Ganna™ Shirt Jacket,Refined Cargo Pant
Refined Cargo Pant,The Ganna™ Shirt Jacket
Refined Cargo Pant,Avery Overall
Avery Overall,Refined Cargo Pant
Avery Overall,Power Hip Blazer
Power Hip Blazer,Avery Overall
Contour Crew Longsleeve Bodysuit,Cozy Fleece Boyfriend Hoodie
Cozy Fleece Boyfriend Hoodie,Contour Crew Longsleeve Bodysuit
Troop Cargo Pant,Power Hip Blazer
Weekend T-Shirt,Cozy Fleece Perfect Zip Hoodie
Power Hip Blazer,Troop Cargo Pant
Cozy Fleece Boyfriend Hoodie,Alchemy Dress
Alchemy Dress,Cozy Fleece Boyfriend Hoodie
Avery Overall,Alchemy Dress
Alchemy Dress,Avery Overall
Izzy Cardigan,Justin Jacket
Izzy Cardigan,The Powder Parka™
Justin Jacket,Izzy Cardigan
Troop Cargo Pant,Alchemy Dress
The Effortless Pant,The Super Puff™
The Super Puff™,The Effortless Pant
Alchemy Dress,Troop Cargo Pant
The Super Puff™,Supply Cargo Pant
Supply Cargo Pant,The Super Puff™
Alchemy Dress,Justin Jacket
Justin Jacket,Alchemy Dress
The Slouch™ Coat New,Alchemy Dress
Alchemy Dress,The Slouch™ Coat New
Alftan Luxe Cashmere Cardigan,TnaCHILL™ Atmosphere Hi-Rise Legging
TnaCHILL™ Atmosphere Hi-Rise Legging,Alftan Luxe Cashmere Cardigan
TnaCHILL™ Atmosphere Hi-Rise Legging,Alchemy Dress
Alchemy Dress,TnaCHILL™ Atmosphere Hi-Rise Legging
Greenwich Pant,The Ganna™ Shirt Jacket
The Ganna™ Shirt Jacket,Greenwich Pant
Contour Crew Longsleeve Bodysuit,Alftan Luxe Cashmere Cardigan
The Super Puff™ Long,The Powder Parka™
The Slouch™ Coat New,Refined Cargo Pant
Refined Cargo Pant,The Slouch™ Coat New
Alftan Luxe Cashmere Cardigan,Contour Crew Longsleeve Bodysuit
Avery Overall,Contour Crew Longsleeve Bodysuit
Contour Crew Longsleeve Bodysuit,Avery Overall
Agency Blazer,Divinity Jumpsuit
Avery Overall,Izzy Cardigan
Izzy Cardigan,Avery Overall
Justin Jacket,Refined Cargo Pant
Refined Cargo Pant,Justin Jacket
The Super Puff™ Long,Cozy Fleece Perfect Zip Hoodie
Ronnie Sweater,Divinity Jumpsuit
Troop Cargo Pant,Contour Crew Longsleeve Bodysuit
Contour Crew Longsleeve Bodysuit,Troop Cargo Pant
The Super Puff™,Alftan Luxe Cashmere Cardigan
Alftan Luxe Cashmere Cardigan,The Super Puff™
Refined Cargo Pant,Society Sweater
Society Sweater,Refined Cargo Pant
Refined Cargo Pant,Troop Cargo Pant
Weekend T-Shirt,Divinity Jumpsuit
Troop Cargo Pant,Refined Cargo Pant
The Ganna™ Shirt Jacket,Izzy Cardigan
TnaCHILL™ Atmosphere Hi-Rise Legging,Refined Cargo Pant
Izzy Cardigan,The Ganna™ Shirt Jacket
Refined Cargo Pant,TnaCHILL™ Atmosphere Hi-Rise Legging
Izzy Cardigan,Cozy Fleece Boyfriend Hoodie
Cozy Fleece Boyfriend Hoodie,Izzy Cardigan
Alftan Luxe Cashmere Cardigan,Power Hip Blazer
Power Hip Blazer,Alftan Luxe Cashmere Cardigan
Power Hip Blazer,The Ganna™ Shirt Jacket
The Ganna™ Shirt Jacket,Power Hip Blazer
The Ganna™ Shirt Jacket,Contour Crew Longsleeve Bodysuit
Contour Crew Longsleeve Bodysuit,The Ganna™ Shirt Jacket
The Effortless Pant,Supply Cargo Pant
Supply Cargo Pant,The Effortless Pant
Avery Overall,Greenwich Pant
Greenwich Pant,Avery Overall
Ty Cardigan,The Powder Parka™
TnaBUTTER™ Rhythm Jumpsuit,The Powder Parka™
TnaCHILL™ Atmosphere Hi-Rise Legging,Power Hip Blazer
Power Hip Blazer,Society Sweater
Society Sweater,Power Hip Blazer
Power Hip Blazer,TnaCHILL™ Atmosphere Hi-Rise Legging
Alftan Luxe Cashmere Cardigan,Society Sweater
Society Sweater,Alftan Luxe Cashmere Cardigan
Justin Jacket,The Super Puff™ Shorty
The Super Puff™ Shorty,Justin Jacket
The Slouch™ Coat New,Contour Crew Longsleeve Bodysuit
Contour Crew Longsleeve Bodysuit,The Slouch™ Coat New
The Effortless Pant,Alchemy Dress
Alftan Luxe Cashmere Cardigan,Alchemy Dress
Alchemy Dress,Alftan Luxe Cashmere Cardigan
Alchemy Dress,The Effortless Pant
Greenwich Pant,Troop Cargo Pant
Troop Cargo Pant,Greenwich Pant
Greenwich Pant,Cozy Fleece Boyfriend Hoodie
Cozy Fleece Boyfriend Hoodie,Greenwich Pant
Alftan Luxe Cashmere Cardigan,Supply Cargo Pant
Supply Cargo Pant,Alftan Luxe Cashmere Cardigan
Little Cropped Jacket,Divinity Jumpsuit
Contour Crew Longsleeve Bodysuit,Power Hip Blazer
Power Hip Blazer,Contour Crew Longsleeve Bodysuit
Izzy Cardigan,Supply Cargo Pant
Supply Cargo Pant,Izzy Cardigan
The Super Puff™,Refined Cargo Pant
Refined Cargo Pant,The Super Puff™
Greenwich Pant,Justin Jacket
The New Only Coat,Divinity Jumpsuit
Weekend T-Shirt,The Powder Parka™
The Super Puff™,Power Hip Blazer
Power Hip Blazer,The Super Puff™
Supply Cargo Pant,Alchemy Dress
Alchemy Dress,Supply Cargo Pant
Refined Cargo Pant,Supply Cargo Pant
Supply Cargo Pant,Refined Cargo Pant
The Super Puff™,Contour Crew Longsleeve Bodysuit
Contour Crew Longsleeve Bodysuit,The Super Puff™
Crown Puffer Long,Cozy Fleece Perfect Zip Hoodie
Izzy Cardigan,TnaCHILL™ Atmosphere Hi-Rise Legging
TnaCHILL™ Atmosphere Hi-Rise Legging,Izzy Cardigan
Contour Crew Longsleeve Bodysuit,TnaCHILL™ Atmosphere Hi-Rise Legging
Pleated Pant,Cozy Fleece Perfect Zip Hoodie
Weekend T-Shirt,Avery Overall
TnaCHILL™ Atmosphere Hi-Rise Legging,Contour Crew Longsleeve Bodysuit
The Slouch™ Coat New,Power Hip Blazer
Power Hip Blazer,The Slouch™ Coat New
Greenwich Pant,The Slouch™ Coat New
Cozy Fleece Perfect Hoodie,Cozy Fleece Perfect Zip Hoodie
The Slouch™ Coat New,Greenwich Pant
Contour Crew Longsleeve Bodysuit,Society Sweater
Society Sweater,Contour Crew Longsleeve Bodysuit
Izzy Cardigan,The Slouch™ Coat New
Ty Cardigan,Divinity Jumpsuit
The Slouch™ Coat New,Izzy Cardigan
Contour Crew T-Shirt,Divinity Jumpsuit
Contour Tank Bodysuit,Cozy Fleece Perfect Zip Hoodie
Izzy Cardigan,Society Sweater
Society Sweater,Izzy Cardigan
The Super Puff™,Izzy Cardigan
Society Sweater,Greenwich Pant
Greenwich Pant,Society Sweater
Izzy Cardigan,The Super Puff™
Supply Cargo Pant,Power Hip Blazer
Power Hip Blazer,Supply Cargo Pant
Contour Crew Longsleeve Bodysuit,Supply Cargo Pant
Supply Cargo Pant,Contour Crew Longsleeve Bodysuit
Izzy Cardigan,Power Hip Blazer
Power Hip Blazer,Izzy Cardigan
Sno Polar Shirt,Cozy Fleece Perfect Zip Hoodie
Weekend T-Shirt,Cozy Fleece Boyfriend Hoodie
The Super Puff™ Long,Cozy Fleece Boyfriend Hoodie
The Summit Parka,Divinity Jumpsuit
Refined Cargo Pant,Alftan Luxe Cashmere Cardigan
Alftan Luxe Cashmere Cardigan,Refined Cargo Pant
Sno Polar Shirt,Troop Cargo Pant
Cozy Fleece Perfect Hoodie,Divinity Jumpsuit
Crown Puffer Long,Divinity Jumpsuit
Delilah Mini Dress,Divinity Jumpsuit
Alftan Luxe Cashmere Cardigan,The Effortless Pant
The Effortless Pant,Alftan Luxe Cashmere Cardigan
Ty Cardigan,Cozy Fleece Perfect Zip Hoodie
Only Slip Midi Dress,Divinity Jumpsuit
The Super Puff™ Long,Avery Overall
Contour Tank Bodysuit,Divinity Jumpsuit
Runaway Blouse,The Powder Parka™
The Summit Parka,TnaCHILL™ Atmosphere Hi-Rise Legging
Sno Polar Oversized Zip Hoodie,Cozy Fleece Perfect Zip Hoodie
Greenwich Pant,TnaCHILL™ Atmosphere Hi-Rise Legging
Contour Crew Longsleeve Bodysuit,Alchemy Dress
Alchemy Dress,Contour Crew Longsleeve Bodysuit
Contour Crew T-Shirt,Cozy Fleece Perfect Zip Hoodie
Delilah Mini Dress,Cozy Fleece Perfect Zip Hoodie
The Super Puff™,Greenwich Pant
Greenwich Pant,The Super Puff™
Agency Blazer,Cozy Fleece Perfect Zip Hoodie
Alchemy Dress,Power Hip Blazer
Power Hip Blazer,Alchemy Dress
Weekend T-Shirt,Troop Cargo Pant
The Super Puff™ Long,Troop Cargo Pant
Sno Polar Shirt,Avery Overall
Contour Crew T-Shirt,Troop Cargo Pant
Contour Crew T-Shirt,The Powder Parka™
The Super Puff™ Long,The Ganna™ Shirt Jacket
The Effortless Pant,Power Hip Blazer
Ronnie Sweater,Cozy Fleece Perfect Zip Hoodie
Power Hip Blazer,The Effortless Pant
Retrospect Sweater,Divinity Jumpsuit
Sno Polar Oversized Zip Hoodie,Cozy Fleece Boyfriend Hoodie
Sno Polar ¼ Zip Hip Sweater,Cozy Fleece Perfect Zip Hoodie
The Super Puff™ Long,Society Sweater
TnaBUTTER™ Rhythm Jumpsuit,Divinity Jumpsuit
The New Only Coat,Society Sweater
Cyprie Sweater,Divinity Jumpsuit
Ronnie Sweater,The Super Puff™
The Super Puff™,Ronnie Sweater
Alchemy Dress,Refined Cargo Pant
Refined Cargo Pant,Alchemy Dress
The Effortless Pant,Refined Cargo Pant
Refined Cargo Pant,The Effortless Pant
Runaway Blouse,Divinity Jumpsuit
Sno Polar Shirt,Society Sweater
Sno Polar Shirt,TnaCHILL™ Atmosphere Hi-Rise Legging
The Super Puff™ Long,TnaCHILL™ Atmosphere Hi-Rise Legging
The Super Puff™ Long,Justin Jacket
Sno Polar Shirt,The Powder Parka™
Carter Blouse,Divinity Jumpsuit
Pleated Pant,Divinity Jumpsuit
Weekend T-Shirt,The Super Puff™ Shorty
The Super Puff™ Shorty,Weekend T-Shirt
Weekend T-Shirt,The Super Puff™
Sno Polar Shirt,The Slouch™ Coat New
Power Hip Blazer,Refined Cargo Pant
Sno Polar ¼ Zip Hip Sweater,Cozy Fleece Boyfriend Hoodie
Refined Cargo Pant,Power Hip Blazer
Weekend T-Shirt,Supply Cargo Pant
Supply Cargo Pant,Weekend T-Shirt
Greenwich Pant,Alftan Luxe Cashmere Cardigan
Alftan Luxe Cashmere Cardigan,Greenwich Pant
Weekend T-Shirt,The Ganna™ Shirt Jacket
Greenwich Pant,The Effortless Pant
The Effortless Pant,Greenwich Pant
The Melina™ Pant,Cozy Fleece Perfect Zip Hoodie
The New Only Coat,TnaCHILL™ Atmosphere Hi-Rise Legging
Greenwich Pant,Supply Cargo Pant
Hillside Sweater,Weekend T-Shirt
Weekend T-Shirt,Hillside Sweater
The Effortless Pant,The New Only Coat
The New Only Coat,The Effortless Pant
Weekend T-Shirt,The Slouch™ Coat New
Moonstruck Dress,Divinity Jumpsuit
The Effortless Pant,Izzy Cardigan
Izzy Cardigan,The Effortless Pant
Izzy Cardigan,Alftan Luxe Cashmere Cardigan
The Summit Parka,Cozy Fleece Perfect Zip Hoodie
Alftan Luxe Cashmere Cardigan,Izzy Cardigan
Weekend T-Shirt,TnaCHILL™ Atmosphere Hi-Rise Legging
Contour Crew T-Shirt,The Ganna™ Shirt Jacket
Crown Puffer Long,Cozy Fleece Boyfriend Hoodie
Ronnie Sweater,Troop Cargo Pant
The Effortless Pant,Contour Crew Longsleeve Bodysuit
Contour Crew Longsleeve Bodysuit,The Effortless Pant
Sno Polar Oversized Zip Hoodie,The Powder Parka™
Cozy Fleece Perfect Hoodie,Avery Overall
Ronnie Sweater,Justin Jacket
The Super Puff™ Long,The Slouch™ Coat New
Carter Blouse,Cozy Fleece Perfect Zip Hoodie
Crown Puffer Long,The Powder Parka™
Sno Polar Shirt,The Ganna™ Shirt Jacket
Aster Free Lounge Pant,Cozy Fleece Perfect Zip Hoodie
Contour Crew T-Shirt,Avery Overall
Agency Blazer,The Powder Parka™
Contour Tank Bodysuit,The Powder Parka™
The Constant™ Coat,Troop Cargo Pant
The Super Puff™ Long,Supply Cargo Pant
Pleated Pant,Troop Cargo Pant
Sno Polar Shirt,Justin Jacket
Delilah Mini Dress,The Slouch™ Coat New
Sno Polar ¼ Zip Hip Sweater,Divinity Jumpsuit
Sno Polar Shirt,Cozy Fleece Boyfriend Hoodie
Ty Cardigan,The Ganna™ Shirt Jacket
Delilah Mini Dress,The Ganna™ Shirt Jacket
Pleated Pant,Avery Overall
Aster Free Lounge Pant,Divinity Jumpsuit
The Super Puff™ Long,The Super Puff™
Refined Cargo Pant,Contour Crew Longsleeve Bodysuit
Contour Crew Longsleeve Bodysuit,Refined Cargo Pant
The Constant™ Coat,Divinity Jumpsuit
Sno Polar Shirt,Supply Cargo Pant
The Super Puff™ Long,The Effortless Pant
Ronnie Sweater,Avery Overall
Delilah Mini Dress,Justin Jacket
Pleated Pant,Cozy Fleece Boyfriend Hoodie
Pleated Pant,Justin Jacket
Ronnie Sweater,The Powder Parka™
TnaBUTTER™ Rhythm Jumpsuit,Cozy Fleece Perfect Zip Hoodie
Crown Puffer Long,Avery Overall
Cody Massive Polar Vest,Divinity Jumpsuit
Contour Tank Bodysuit,Avery Overall
Delilah Mini Dress,Avery Overall
Delilah Mini Dress,Society Sweater
The Super Puff™ Shorty,Cozy Fleece Perfect Zip Hoodie
Weekend T-Shirt,Society Sweater
Izzy Cardigan,Refined Cargo Pant
Refined Cargo Pant,Izzy Cardigan
Agency Blazer,Avery Overall
Sprinkles Cardigan,Cozy Fleece Perfect Zip Hoodie
The New Only Coat,Cozy Fleece Perfect Zip Hoodie
Izzy Cardigan,Greenwich Pant
Greenwich Pant,Izzy Cardigan
Little Cropped Jacket,Cozy Fleece Perfect Zip Hoodie
Hush Knit V-Neck Sweater,Divinity Jumpsuit
Pavant Quilted Jacket,Divinity Jumpsuit
Contour Crew T-Shirt,Justin Jacket
Contour Tank Bodysuit,Justin Jacket
Delilah Mini Dress,Troop Cargo Pant
Refined Cargo Pant,Greenwich Pant
Greenwich Pant,Refined Cargo Pant
Only Slip Midi Dress,Cozy Fleece Perfect Zip Hoodie
Power Hip Blazer,Weekend T-Shirt
Contour Tank Bodysuit,The Ganna™ Shirt Jacket
TnaBUTTER™ Rhythm Jumpsuit,The Ganna™ Shirt Jacket
Weekend T-Shirt,Power Hip Blazer
The New Only Coat,Troop Cargo Pant
Cozy Fleece Perfect Hoodie,The Powder Parka™
Contour Crew Longsleeve Bodysuit,Izzy Cardigan
Delilah Mini Dress,The Powder Parka™
Izzy Cardigan,Contour Crew Longsleeve Bodysuit
Greenwich Pant,Power Hip Blazer
Power Hip Blazer,Greenwich Pant
Ronnie Sweater,Cozy Fleece Boyfriend Hoodie
Aster Free Lounge Pant,The Powder Parka™
Little Cropped Jacket,The Powder Parka™
Sno Polar Shirt,The Super Puff™
Contour Crew Longsleeve Bodysuit,Greenwich Pant
Greenwich Pant,Contour Crew Longsleeve Bodysuit
Crown Puffer Long,Justin Jacket
Delilah Mini Dress,TnaCHILL™ Atmosphere Hi-Rise Legging
Sno Polar ¼ Zip Hip Sweater,The Powder Parka™
The Summit Parka,The Powder Parka™
Contour Crew Longsleeve Bodysuit,Weekend T-Shirt
Weekend T-Shirt,Contour Crew Longsleeve Bodysuit
Contour Tank Bodysuit,Troop Cargo Pant
Ronnie Sweater,TnaCHILL™ Atmosphere Hi-Rise Legging
Weekend T-Shirt,Alftan Luxe Cashmere Cardigan
The New Only Coat,Avery Overall
The Melina™ Pant,Divinity Jumpsuit
Sno Polar Oversized Zip Hoodie,Divinity Jumpsuit
Contour Tank Bodysuit,Cozy Fleece Boyfriend Hoodie
Ty Cardigan,Avery Overall
Pavant Quilted Jacket,Cozy Fleece Perfect Zip Hoodie
Chase Dress,Divinity Jumpsuit
Ronnie Sweater,The Ganna™ Shirt Jacket
Ascendant Pant,The Powder Parka™
Contour Crew T-Shirt,Cozy Fleece Boyfriend Hoodie
Ty Cardigan,Cozy Fleece Boyfriend Hoodie
Cozy Fleece Perfect Hoodie,The Ganna™ Shirt Jacket
Daughter Dress,Divinity Jumpsuit
Sprinkles Cardigan,Divinity Jumpsuit
The Summit Parka,Society Sweater
Hush Knit V-Neck Sweater,Cozy Fleece Perfect Zip Hoodie
The Summit Parka,Troop Cargo Pant
Retrospect Sweater,Cozy Fleece Perfect Zip Hoodie
Sprinkles Cardigan,The Powder Parka™
Carter Blouse,The Powder Parka™
Izzy Cardigan,Weekend T-Shirt
Ronnie Sweater,The Slouch™ Coat New
Daughter Dress,Cozy Fleece Perfect Zip Hoodie
Weekend T-Shirt,Izzy Cardigan
Ribbed Waist T-Shirt,The Powder Parka™
TnaBUTTER™ Rhythm Jumpsuit,Cozy Fleece Boyfriend Hoodie
The Super Puff™ Long,Alftan Luxe Cashmere Cardigan
Cozy Fleece Mega Sweatpant,Divinity Jumpsuit
Pleated Pant,The Powder Parka™
Crown Puffer Long,Troop Cargo Pant
Greenwich Pant,Alchemy Dress
The Super Puff™ Shorty,Divinity Jumpsuit
Runaway Blouse,The Ganna™ Shirt Jacket
Pleated Pant,The Ganna™ Shirt Jacket
Agency Blazer,Supply Cargo Pant
Pavant Quilted Jacket,The Powder Parka™
Ronnie Sweater,Society Sweater
Moonstruck Dress,Cozy Fleece Perfect Zip Hoodie
Runaway Blouse,Avery Overall
Agency Blazer,The Ganna™ Shirt Jacket
Carter Blouse,Justin Jacket
Crown Puffer Long,The Super Puff™
Alanya Pant,The Powder Parka™
Retrospect Sweater,The Powder Parka™
Carter Blouse,Cozy Fleece Boyfriend Hoodie
Cozy Fleece Mega Sweatpant,Cozy Fleece Perfect Zip Hoodie
The Super Puff₂O™ Long,The Powder Parka™
Runaway Blouse,Cozy Fleece Perfect Zip Hoodie
Cozy Fleece Perfect Hoodie,Cozy Fleece Boyfriend Hoodie
Agency Blazer,The Slouch™ Coat New
Crown Puffer Long,The Ganna™ Shirt Jacket
Sno Polar Shirt,The Effortless Pant
Cozy Fleece Perfect Hoodie,Troop Cargo Pant
Contour Tank Bodysuit,Alftan Luxe Cashmere Cardigan
Sno Polar Oversized Zip Hoodie,Avery Overall
The Summit Parka,Justin Jacket
Cozy Fleece Mega Sweatpant,Cozy Fleece Boyfriend Hoodie
Pleated Pant,TnaCHILL™ Atmosphere Hi-Rise Legging
Cozy Fleece Mega Sweatpant,The Powder Parka™
The New Only Coat,Justin Jacket
The Summit Parka,The Ganna™ Shirt Jacket
Only Slip Midi Dress,The Powder Parka™
The New Only Coat,The Slouch™ Coat New
Weekend T-Shirt,The Effortless Pant
Brennan Pant,Cozy Fleece Perfect Zip Hoodie
Crown Puffer Long,TnaCHILL™ Atmosphere Hi-Rise Legging
Agency Blazer,Society Sweater
Contour Tank Bodysuit,Society Sweater
Cyprie Sweater,The Powder Parka™
The New Only Coat,The Ganna™ Shirt Jacket
The Summit Parka,Cozy Fleece Boyfriend Hoodie
Ty Cardigan,Justin Jacket
The Summit Parka,Avery Overall
Ty Cardigan,Troop Cargo Pant
Cody Massive Polar Vest,Cozy Fleece Perfect Zip Hoodie
The Summit Parka,The Super Puff™
The Super Puff™ Long,Refined Cargo Pant
Daughter Dress,Avery Overall
Only Slip Midi Dress,Avery Overall
Brennan Pant,The Powder Parka™
Pleated Pant,The Slouch™ Coat New
Only Slip Midi Dress,Society Sweater
Aster Free Lounge Pant,The Ganna™ Shirt Jacket
The Cloud Puff,Cozy Fleece Perfect Zip Hoodie
Runaway Blouse,Cozy Fleece Boyfriend Hoodie
Little Cropped Jacket,TnaCHILL™ Atmosphere Hi-Rise Legging
Only Slip Midi Dress,Cozy Fleece Boyfriend Hoodie
Cozy Fleece Perfect Hoodie,The Slouch™ Coat New
Carter Blouse,Troop Cargo Pant
Ascendant Pant,Divinity Jumpsuit
Sno Polar ¼ Zip Hip Sweater,Avery Overall
Crown Puffer Long,The Slouch™ Coat New
Contour Crew T-Shirt,Society Sweater
Contour Tank Bodysuit,The Super Puff™
Contour Crew T-Shirt,TnaCHILL™ Atmosphere Hi-Rise Legging
Agency Blazer,Justin Jacket
Contour Tank Bodysuit,The Slouch™ Coat New
The Summit Parka,The Slouch™ Coat New
Retrospect Sweater,Society Sweater
The Super Puff™ Long,Greenwich Pant
Cozy Fleece Perfect Hoodie,Justin Jacket
Agency Blazer,TnaCHILL™ Atmosphere Hi-Rise Legging
Aster Free Lounge Pant,Cozy Fleece Boyfriend Hoodie
Sprinkles Cardigan,Cozy Fleece Boyfriend Hoodie
Delilah Mini Dress,Cozy Fleece Boyfriend Hoodie
Contour Tank Bodysuit,TnaCHILL™ Atmosphere Hi-Rise Legging
Sno Polar Oversized Zip Hoodie,Justin Jacket
Sno Polar Shirt,Refined Cargo Pant
The New Only Coat,Cozy Fleece Boyfriend Hoodie
Ty Cardigan,TnaCHILL™ Atmosphere Hi-Rise Legging
Retrospect Sweater,Justin Jacket
The Super Puff™ Long,Alchemy Dress
Cyprie Sweater,Cozy Fleece Perfect Zip Hoodie
Agency Blazer,Troop Cargo Pant
Unwind Cardigan,Divinity Jumpsuit
Clara Sweater,Troop Cargo Pant
Moonstruck Dress,The Powder Parka™
Cyprie Sweater,Avery Overall
TnaBUTTER™ Rhythm Jumpsuit,Avery Overall
The Super Puff₂O™,Divinity Jumpsuit
Pleated Pant,The Super Puff™
Unwind Cardigan,TnaCHILL™ Atmosphere Hi-Rise Legging
Delilah Mini Dress,The Effortless Pant
Carter Blouse,Alftan Luxe Cashmere Cardigan
The Super Puff™ Long,Izzy Cardigan
Retrospect Sweater,Avery Overall
Crown Puffer Long,Alftan Luxe Cashmere Cardigan
Aster Free Lounge Pant,Avery Overall
The Slouch,TnaCHILL™ Atmosphere Hi-Rise Legging
Agency Blazer,Cozy Fleece Boyfriend Hoodie
Clara Sweater,Divinity Jumpsuit
The Cloud Puff,Divinity Jumpsuit
Ronnie Sweater,Supply Cargo Pant
The Mega Puff,Divinity Jumpsuit
Ty Cardigan,Society Sweater
Ty Cardigan,The Slouch™ Coat New
The Constant™ Coat,Cozy Fleece Perfect Zip Hoodie
The Super Puff™ Long,Contour Crew Longsleeve Bodysuit
Sprinkles Cardigan,Avery Overall
Retrospect Sweater,The Slouch™ Coat New
Cozy Fleece Perfect Hoodie,TnaCHILL™ Atmosphere Hi-Rise Legging
The Super Puff™ Long,Power Hip Blazer
Weekend T-Shirt,Alchemy Dress
Ty Cardigan,Refined Cargo Pant
Little Cropped Jacket,Cozy Fleece Boyfriend Hoodie
Clara Sweater,Cozy Fleece Perfect Zip Hoodie
Contour Crew T-Shirt,The Super Puff™
Agency Blazer,The Super Puff™
The Melina™ Pant,Justin Jacket
Daughter Dress,Troop Cargo Pant
Sno Polar Oversized Zip Hoodie,TnaCHILL™ Atmosphere Hi-Rise Legging
The Summit Parka,The Effortless Pant
The Constant™ Coat,TnaCHILL™ Atmosphere Hi-Rise Legging
Sno Polar Shirt,Alchemy Dress
Cozy Fleece Mega Sweatpant,Alftan Luxe Cashmere Cardigan
Only Slip Midi Dress,The Ganna™ Shirt Jacket
Only Slip Midi Dress,The Slouch™ Coat New
Sno Polar ¼ Zip Hip Sweater,The Ganna™ Shirt Jacket
Ascendant Pant,Cozy Fleece Boyfriend Hoodie
Contour Crew T-Shirt,Alftan Luxe Cashmere Cardigan
Crown Puffer Long,Society Sweater
Brennan Pant,Divinity Jumpsuit
Chase Dress,Cozy Fleece Perfect Zip Hoodie
The Melina™ Pant,Troop Cargo Pant
Carter Blouse,TnaCHILL™ Atmosphere Hi-Rise Legging
The New Only Coat,Supply Cargo Pant
Contour Crew T-Shirt,Izzy Cardigan
The Cocoon Coat New,Divinity Jumpsuit
Sno Polar Oversized Zip Hoodie,Society Sweater
Daughter Dress,The Powder Parka™
Moonstruck Dress,Avery Overall
Ty Cardigan,Alftan Luxe Cashmere Cardigan
The Super Puff™ Shorty,Avery Overall
Sno Polar Oversized Zip Hoodie,The Super Puff™
Sno Polar Oversized Zip Hoodie,The Ganna™ Shirt Jacket
Delilah Mini Dress,Supply Cargo Pant
The Super Puff™ Shorty,Troop Cargo Pant
Cozy Fleece Perfect Hoodie,Society Sweater
Retrospect Sweater,TnaCHILL™ Atmosphere Hi-Rise Legging
The New Only Coat,The Powder Parka™
Cozy Fleece Perfect Hoodie,Supply Cargo Pant
Little Cropped Jacket,Troop Cargo Pant
Ronnie Sweater,The Effortless Pant
Weekend T-Shirt,Refined Cargo Pant
Delilah Mini Dress,The Super Puff™
TnaBUTTER™ Rhythm Jumpsuit,Society Sweater
Pleated Pant,Alftan Luxe Cashmere Cardigan
Moonstruck Dress,Society Sweater
Retrospect Sweater,Troop Cargo Pant
Ascendant Pant,Cozy Fleece Perfect Zip Hoodie
Contour Tank Bodysuit,Power Hip Blazer
Aster Free Lounge Pant,Troop Cargo Pant
Crown Puffer Long,Supply Cargo Pant
Contour Tank Bodysuit,Contour Crew Longsleeve Bodysuit
Carter Blouse,Avery Overall
Retrospect Sweater,The Ganna™ Shirt Jacket
Cozy Fleece Mega Sweatpant,Power Hip Blazer
Cyprie Sweater,The Slouch™ Coat New
Runaway Blouse,TnaCHILL™ Atmosphere Hi-Rise Legging
Picture Cargo Pant,The Powder Parka™
Pavant Quilted Jacket,The Ganna™ Shirt Jacket
The Slouch,Divinity Jumpsuit
Carter Blouse,The Ganna™ Shirt Jacket
The Super Puff₂O™ Long,Divinity Jumpsuit
Sprinkles Cardigan,The Ganna™ Shirt Jacket
Runaway Blouse,Troop Cargo Pant
Little Cropped Jacket,The Super Puff™
Contour Crew T-Shirt,The Slouch™ Coat New
Cody Massive Polar Vest,The Slouch™ Coat New
Sno Polar Shirt,Power Hip Blazer
Aster Free Lounge Pant,Justin Jacket
Moonstruck Dress,TnaCHILL™ Atmosphere Hi-Rise Legging
The New Only Coat,The Super Puff™
TnaBUTTER™ Rhythm Jumpsuit,The Slouch™ Coat New
Only Slip Midi Dress,TnaCHILL™ Atmosphere Hi-Rise Legging
Little Cropped Jacket,Avery Overall
Moonstruck Dress,Cozy Fleece Boyfriend Hoodie
Cyprie Sweater,Cozy Fleece Boyfriend Hoodie
Sherpa Long Liner Jacket,Divinity Jumpsuit
Cody Massive Polar Vest,Justin Jacket
The Super Puff₂O™,Troop Cargo Pant
The Summit Parka,Supply Cargo Pant
Delilah Mini Dress,Alftan Luxe Cashmere Cardigan
Sno Polar Shirt,Alftan Luxe Cashmere Cardigan
Daughter Dress,Justin Jacket
Little Cropped Jacket,Justin Jacket
Runaway Blouse,Society Sweater
Little Cropped Jacket,Society Sweater
Daughter Dress,The Ganna™ Shirt Jacket
The Melina™ Pant,Cozy Fleece Boyfriend Hoodie
Cody Massive Polar Vest,The Powder Parka™
Sno Polar Shirt,Contour Crew Longsleeve Bodysuit
The Super Puff™ Shorty,The Powder Parka™
Cozy Fleece Mega Sweatpant,Avery Overall
The Powder Parka™ Long,Cozy Fleece Perfect Zip Hoodie
Cyprie Sweater,The Ganna™ Shirt Jacket
Alanya Pant,Cozy Fleece Perfect Zip Hoodie
Sno Polar Oversized Zip Hoodie,Troop Cargo Pant
Little Cropped Jacket,The Ganna™ Shirt Jacket
TnaBUTTER™ Rhythm Jumpsuit,Troop Cargo Pant
Contour Crew T-Shirt,Supply Cargo Pant
Sno Polar Oversized Zip Hoodie,The Slouch™ Coat New
Carter Blouse,Society Sweater
Daughter Dress,Cozy Fleece Boyfriend Hoodie
Cody Massive Polar Vest,Avery Overall
Hush Knit V-Neck Sweater,Troop Cargo Pant
The Melina™ Pant,TnaCHILL™ Atmosphere Hi-Rise Legging
Delilah Mini Dress,Refined Cargo Pant
Ty Cardigan,The Super Puff™
Cyprie Sweater,Justin Jacket
The Melina™ Pant,Avery Overall
Weekend T-Shirt,Greenwich Pant
Moonstruck Dress,The Ganna™ Shirt Jacket
Pavant Quilted Jacket,Avery Overall
Aster Free Lounge Pant,Alftan Luxe Cashmere Cardigan
TnaBUTTER™ Rhythm Jumpsuit,Justin Jacket
Retrospect Sweater,Cozy Fleece Boyfriend Hoodie
Clara Sweater,The Powder Parka™
The Super Puff₂O™,Cozy Fleece Perfect Zip Hoodie
Little Cropped Jacket,The Slouch™ Coat New
Ascendant Pant,The Ganna™ Shirt Jacket
Sno Polar ¼ Zip Hip Sweater,The Super Puff™
Carter Blouse,The Super Puff™
Only Slip Midi Dress,Troop Cargo Pant
Runaway Blouse,Justin Jacket
Only Slip Midi Dress,Justin Jacket
Sprinkles Cardigan,TnaCHILL™ Atmosphere Hi-Rise Legging
Only Slip Midi Dress,The Super Puff™
The Super Puff™ Shorty,TnaCHILL™ Atmosphere Hi-Rise Legging
The New Only Coat,Izzy Cardigan
Brennan Pant,Avery Overall
Contour Tank Bodysuit,Supply Cargo Pant
Cody Massive Polar Vest,The Ganna™ Shirt Jacket
Delilah Mini Dress,Izzy Cardigan
Hillside Sweater,Justin Jacket
Crown Puffer Long,Power Hip Blazer
TnaBUTTER™ Rhythm Jumpsuit,TnaCHILL™ Atmosphere Hi-Rise Legging
Cyprie Sweater,Society Sweater
Jimmy Pant,Divinity Jumpsuit
Crown Puffer Long,The Effortless Pant
Retrospect Sweater,The Effortless Pant
Sno Polar ¼ Zip Hip Sweater,TnaCHILL™ Atmosphere Hi-Rise Legging
Contour Crew T-Shirt,The Effortless Pant
Sno Polar ¼ Zip Hip Sweater,Alftan Luxe Cashmere Cardigan
Contour Tank Bodysuit,The Effortless Pant
Carter Blouse,Power Hip Blazer
Cyprie Sweater,TnaCHILL™ Atmosphere Hi-Rise Legging
The Super Puff™ Shorty,Cozy Fleece Boyfriend Hoodie
Contour Crew T-Shirt,Power Hip Blazer
TnaBUTTER™ Rhythm Jumpsuit,Refined Cargo Pant
Pleated Pant,Contour Crew Longsleeve Bodysuit
Daughter Dress,TnaCHILL™ Atmosphere Hi-Rise Legging
Daughter Dress,Society Sweater
Retrospect Sweater,The Super Puff™
Cozy Fleece Perfect Hoodie,The Super Puff™
Ty Cardigan,Supply Cargo Pant
Sno Polar ¼ Zip Hip Sweater,The Slouch™ Coat New
The Constant™ Coat,The Ganna™ Shirt Jacket
Hillside Sweater,The Powder Parka™
Cody Massive Polar Vest,Society Sweater
Agency Blazer,The Effortless Pant
Contour Tank Bodysuit,Izzy Cardigan
The Powder Parka™ Long,Divinity Jumpsuit
Ty Cardigan,Greenwich Pant
Hillside Sweater,Divinity Jumpsuit
Ronnie Sweater,Izzy Cardigan
Little Cropped Jacket,Supply Cargo Pant
Pleated Pant,Power Hip Blazer
Unwind Cardigan,Society Sweater
TnaBUTTER™ Rhythm Jumpsuit,Alftan Luxe Cashmere Cardigan
Sno Polar Shirt,Izzy Cardigan
The Constant™ Coat,Avery Overall
Sprinkles Cardigan,Justin Jacket
The Constant™ Coat,The Powder Parka™
Runaway Blouse,The Effortless Pant
The Slouch,Society Sweater
The Constant™ Coat,Society Sweater
Runaway Blouse,The Slouch™ Coat New
Unwind Cardigan,Cozy Fleece Perfect Zip Hoodie
Pleated Pant,Society Sweater
Moonstruck Dress,The Slouch™ Coat New
Cody Massive Polar Vest,TnaCHILL™ Atmosphere Hi-Rise Legging
Hillside Sweater,Cozy Fleece Perfect Zip Hoodie
Hush Knit V-Neck Sweater,TnaCHILL™ Atmosphere Hi-Rise Legging
The Super Puff™ Shorty,The Ganna™ Shirt Jacket
Ribbed Waist T-Shirt,Divinity Jumpsuit
Pleated Pant,Supply Cargo Pant
Cyprie Sweater,Supply Cargo Pant
Unwind Cardigan,Troop Cargo Pant
The Melina™ Pant,The Powder Parka™
Pavant Quilted Jacket,Justin Jacket
The Super Puff™ Shorty,Supply Cargo Pant
The Constant™ Coat,Justin Jacket
Contour Crew T-Shirt,Alchemy Dress
Crown Puffer Long,Refined Cargo Pant
Contour Crew T-Shirt,Contour Crew Longsleeve Bodysuit
Cozy Fleece Perfect Hoodie,The Effortless Pant
Chase Dress,The Powder Parka™
Hush Knit V-Neck Sweater,The Powder Parka™
The Powder Parka™ Long,The Powder Parka™
Sno Polar ¼ Zip Hip Sweater,Justin Jacket
Ronnie Sweater,Weekend T-Shirt
Delilah Mini Dress,Greenwich Pant
Sprinkles Cardigan,Troop Cargo Pant
Cyprie Sweater,The Super Puff™
TnaBUTTER™ Rhythm Jumpsuit,Greenwich Pant
Moonstruck Dress,Troop Cargo Pant
Aster Free Lounge Pant,The Super Puff™
Crown Puffer Long,Izzy Cardigan
Cozy Fleece Mega Sweatpant,Contour Crew Longsleeve Bodysuit
Aster Free Lounge Pant,Power Hip Blazer
Runaway Blouse,The Super Puff™
The Super Puff₂O™,The Powder Parka™
Aster Free Lounge Pant,Society Sweater
Unwind Cardigan,The Powder Parka™
Sno Polar ¼ Zip Hip Sweater,Society Sweater
Aster Free Lounge Pant,The Slouch™ Coat New
Sprinkles Cardigan,The Slouch™ Coat New
The Constant™ Coat,The Slouch™ Coat New
Contour Tank Bodysuit,Refined Cargo Pant
The Ganna™ Long Shirt Jacket,The Powder Parka™
Aster Free Lounge Pant,TnaCHILL™ Atmosphere Hi-Rise Legging
Pleated Pant,Izzy Cardigan
The Melina™ Pant,The Slouch™ Coat New
The Summit Parka,Alchemy Dress
Only Slip Midi Dress,Supply Cargo Pant
Hush Knit V-Neck Sweater,Avery Overall
TnaBUTTER™ Rhythm Jumpsuit,The Super Puff™
Alanya Pant,Divinity Jumpsuit
The Super Puff™ Shorty,The Super Puff™
Contour Crew T-Shirt,Greenwich Pant
Delilah Mini Dress,Contour Crew Longsleeve Bodysuit
Brennan Pant,The Ganna™ Shirt Jacket
Sno Polar Oversized Zip Hoodie,Supply Cargo Pant
The Cocoon Coat New,Avery Overall
Pavant Quilted Jacket,Cozy Fleece Boyfriend Hoodie
The Melina™ Pant,The Super Puff™
Runaway Blouse,Refined Cargo Pant
The Melina™ Pant,The Ganna™ Shirt Jacket
Hush Knit V-Neck Sweater,Justin Jacket
The Connor Long Coat,The Powder Parka™
The Super Puff™ Shorty,Izzy Cardigan
Agency Blazer,Refined Cargo Pant
Crown Puffer Long,Contour Crew Longsleeve Bodysuit
Sno Polar Oversized Zip Hoodie,Power Hip Blazer
Ronnie Sweater,Alftan Luxe Cashmere Cardigan
Carter Blouse,The Slouch™ Coat New
Cozy Fleece Perfect Hoodie,Contour Crew Longsleeve Bodysuit
Picture Cargo Pant,Divinity Jumpsuit
Little Cropped Jacket,The Effortless Pant
Ronnie Sweater,Refined Cargo Pant
Sno Polar ¼ Zip Hip Sweater,Supply Cargo Pant
Agency Blazer,Contour Crew Longsleeve Bodysuit
Contour Tank Bodysuit,Alchemy Dress
Carter Blouse,Supply Cargo Pant
Crown Puffer Long,Alchemy Dress
The Super Puff₂O™,Cozy Fleece Boyfriend Hoodie
The Super Puff™ Shorty,Society Sweater
Jimmy Pant,Cozy Fleece Perfect Zip Hoodie
Sno Polar Oversized Zip Hoodie,Alchemy Dress
Alanya Pant,The Ganna™ Shirt Jacket
Cozy Fleece Mega Sweatpant,The Ganna™ Shirt Jacket
Ty Cardigan,Izzy Cardigan
Clara Sweater,Justin Jacket
Runaway Blouse,Greenwich Pant
Hush Knit V-Neck Sweater,Society Sweater
Pavant Quilted Jacket,The Slouch™ Coat New
Runaway Blouse,Izzy Cardigan
Clara Sweater,Avery Overall
Aster Free Lounge Pant,Contour Crew Longsleeve Bodysuit
Ribbed Waist T-Shirt,Cozy Fleece Perfect Zip Hoodie
Alanya Pant,Avery Overall
Carter Blouse,The Effortless Pant
Pleated Pant,Greenwich Pant
Ty Cardigan,The Effortless Pant
Agency Blazer,Alchemy Dress
The Super Puff₂O™ Long,Cozy Fleece Perfect Zip Hoodie
Cozy Fleece Mega Sweatpant,The Slouch™ Coat New
The Super Puff™ Shorty,Contour Crew Longsleeve Bodysuit
Delilah Mini Dress,Power Hip Blazer
Sno Polar Oversized Zip Hoodie,Alftan Luxe Cashmere Cardigan
The Slouch,Cozy Fleece Perfect Zip Hoodie
Ascendant Pant,Greenwich Pant
The Super Puff₂O™,The Slouch™ Coat New
The Melina™ Pant,Society Sweater
Chase Dress,Society Sweater
Aster Free Lounge Pant,Alchemy Dress
Cody Massive Polar Vest,Cozy Fleece Boyfriend Hoodie
Cozy Fleece Mega Sweatpant,Troop Cargo Pant
Unwind Cardigan,The Ganna™ Shirt Jacket
Sprinkles Cardigan,Alftan Luxe Cashmere Cardigan
The Constant™ Coat,The Super Puff™
Moonstruck Dress,Justin Jacket
The Constant™ Coat,Supply Cargo Pant
Retrospect Sweater,Supply Cargo Pant
Pleated Pant,The Effortless Pant
The Super Puff™ Shorty,The Slouch™ Coat New
The Super Puff₂O™,The Ganna™ Shirt Jacket
Unwind Cardigan,The Super Puff™
Agency Blazer,Alftan Luxe Cashmere Cardigan
Hush Knit V-Neck Sweater,The Ganna™ Shirt Jacket
Chase Dress,Cozy Fleece Boyfriend Hoodie
Brennan Pant,Justin Jacket
Cody Massive Polar Vest,Troop Cargo Pant
Cuffed Tech Cashmere Gloves,Cozy Fleece Perfect Zip Hoodie
Little Cropped Jacket,Alchemy Dress
Cozy Fleece Perfect Hoodie,Refined Cargo Pant
The New Only Coat,Alftan Luxe Cashmere Cardigan
Agency Blazer,Sno Polar Shirt
Moonstruck Dress,Supply Cargo Pant
Sno Polar ¼ Zip Hip Sweater,Troop Cargo Pant
The Powder Parka™ Long,Cozy Fleece Boyfriend Hoodie
Cuffed Tech Cashmere Gloves,Divinity Jumpsuit
Little Cropped Jacket,Refined Cargo Pant
Ronnie Sweater,Alchemy Dress
Ronnie Sweater,Greenwich Pant
Ronnie Sweater,Contour Crew Longsleeve Bodysuit
Only Slip Midi Dress,The Effortless Pant
Clara Sweater,The Ganna™ Shirt Jacket
The New Only Coat,Power Hip Blazer
The Summit Parka,Izzy Cardigan
Sprinkles Cardigan,Society Sweater
Agency Blazer,Power Hip Blazer
The Connor Coat,Divinity Jumpsuit
Chase Dress,TnaCHILL™ Atmosphere Hi-Rise Legging
Sno Polar ¼ Zip Hip Sweater,Alchemy Dress
The Mega Puff,Cozy Fleece Perfect Zip Hoodie
Unwind Cardigan,Cozy Fleece Boyfriend Hoodie
Cozy Fleece Mega Sweatpant,Justin Jacket
The Super Puff™ Shorty,Power Hip Blazer
Unwind Cardigan,Justin Jacket
Sno Polar Zip-Up,Divinity Jumpsuit
Bigfoot Polar Zip Hoodie,Divinity Jumpsuit
The Duvet Puffer Short,Divinity Jumpsuit
Hush Knit V-Neck Sweater,The Slouch™ Coat New
Alanya Pant,Cozy Fleece Boyfriend Hoodie
Cozy Fleece Perfect Hoodie,Alftan Luxe Cashmere Cardigan
Bigfoot Polar Zip Hoodie,Cozy Fleece Boyfriend Hoodie
Aster Free Lounge Pant,Supply Cargo Pant
Little Cropped Jacket,Alftan Luxe Cashmere Cardigan
Cyprie Sweater,Refined Cargo Pant
Unwind Cardigan,The Effortless Pant
Sno Polar Oversized Zip Hoodie,The Effortless Pant
The Cloud Puff,Avery Overall
Only Slip Midi Dress,Alftan Luxe Cashmere Cardigan
Unwind Cardigan,Avery Overall
The Super Puff₂O™,Justin Jacket
Pleated Pant,The Super Puff™ Long
Bigfoot Polar Zip Hoodie,The Powder Parka™
Sno Polar Oversized Zip Hoodie,Refined Cargo Pant
Contour Crew T-Shirt,Refined Cargo Pant
Chase Dress,Avery Overall
Alanya Pant,Greenwich Pant
The Connor Coat,Cozy Fleece Perfect Zip Hoodie
Aster Free Lounge Pant,The Effortless Pant
Ascendant Pant,Justin Jacket
The Super Puff₂O™ Long,Cozy Fleece Boyfriend Hoodie
Cozy Fleece Mega Sweatpant,Society Sweater
Brennan Pant,Supply Cargo Pant
Aster Free Lounge Pant,Refined Cargo Pant
The New Only Coat,Refined Cargo Pant
The Summit Parka,Alftan Luxe Cashmere Cardigan
Ronnie Sweater,Power Hip Blazer
Retrospect Sweater,Power Hip Blazer
Sno Polar ¼ Zip Hip Sweater,Refined Cargo Pant
Daughter Dress,Supply Cargo Pant
Sno Polar ¼ Zip Hip Sweater,Contour Crew Longsleeve Bodysuit
Cozy Fleece Perfect Hoodie,Alchemy Dress
Picture Cargo Pant,Cozy Fleece Perfect Zip Hoodie
Brennan Pant,Troop Cargo Pant
TnaBUTTER™ Rhythm Jumpsuit,Power Hip Blazer
The Ganna™ Long Shirt Jacket,Divinity Jumpsuit
Ty Cardigan,Power Hip Blazer
The Super Puff₂O™,Society Sweater
Runaway Blouse,Supply Cargo Pant
The Summit Parka,Power Hip Blazer
Retrospect Sweater,Refined Cargo Pant
Chase Dress,The Ganna™ Shirt Jacket
Crown Puffer Long,Greenwich Pant
Cyprie Sweater,Troop Cargo Pant
Moonstruck Dress,The Effortless Pant
Pavant Quilted Jacket,Supply Cargo Pant
Jimmy Pant,Troop Cargo Pant
TnaBUTTER™ Rhythm Jumpsuit,Contour Crew Longsleeve Bodysuit
The Mega Puff,Justin Jacket
Ascendant Pant,Avery Overall
The Constant™ Coat,The Effortless Pant
Unwind Cardigan,The Slouch™ Coat New
Sherpa Long Liner Jacket,The Powder Parka™
Daughter Dress,The Super Puff™
Jimmy Pant,The Powder Parka™
Jimmy Pant,The Ganna™ Shirt Jacket
Chase Dress,Justin Jacket
Ascendant Pant,Society Sweater
Pleated Pant,Refined Cargo Pant
The Slouch,The Slouch™ Coat New
The Super Puff₂O™,Supply Cargo Pant
The Powder Parka™ Long,The Ganna™ Shirt Jacket
Cozy Fleece Mega Sweatpant,TnaCHILL™ Atmosphere Hi-Rise Legging
Little Cropped Jacket,Power Hip Blazer
The Super Puff₂O™,TnaCHILL™ Atmosphere Hi-Rise Legging
Hillside Sweater,Cozy Fleece Boyfriend Hoodie
Brennan Pant,TnaCHILL™ Atmosphere Hi-Rise Legging
Jimmy Pant,Avery Overall
Delilah Mini Dress,Alchemy Dress
TnaBUTTER™ Rhythm Jumpsuit,Supply Cargo Pant
Cody Massive Polar Vest,Alftan Luxe Cashmere Cardigan
Cyprie Sweater,Alftan Luxe Cashmere Cardigan
Sprinkles Cardigan,The Super Puff™
Moonstruck Dress,The Super Puff™
Hush Knit V-Neck Sweater,Refined Cargo Pant
The Connor Coat,Troop Cargo Pant
Brennan Pant,Cozy Fleece Boyfriend Hoodie
The Slouch,The Effortless Pant
Pavant Quilted Jacket,Society Sweater
Clara Sweater,Cozy Fleece Boyfriend Hoodie
Ribbed Waist T-Shirt,Cozy Fleece Boyfriend Hoodie
The Cloud Puff,The Slouch™ Coat New
Carter Blouse,Contour Crew Longsleeve Bodysuit
TnaBUTTER™ Rhythm Jumpsuit,Izzy Cardigan
The Slouch,Justin Jacket
TnaBUTTER™ Rhythm Jumpsuit,Ty Cardigan
Ty Cardigan,TnaBUTTER™ Rhythm Jumpsuit
The Connor Long Coat,Divinity Jumpsuit
Aster Free Lounge Pant,Greenwich Pant
Agency Blazer,Izzy Cardigan
The Super Puff₂O™,Avery Overall
Daughter Dress,Izzy Cardigan
Ribbed Waist T-Shirt,The Ganna™ Shirt Jacket
Cyprie Sweater,The Effortless Pant
Sno Polar ¼ Zip Hip Sweater,Power Hip Blazer
Ascendant Pant,The Super Puff™
Pavant Quilted Jacket,TnaCHILL™ Atmosphere Hi-Rise Legging
Carter Blouse,Refined Cargo Pant
The Mega Puff,The Slouch™ Coat New
Clara Sweater,TnaCHILL™ Atmosphere Hi-Rise Legging
Clara Sweater,Society Sweater
The Slouch,The Powder Parka™
Chase Dress,The Slouch™ Coat New
Clara Sweater,Power Hip Blazer
Ascendant Pant,The Slouch™ Coat New
Runaway Blouse,Alftan Luxe Cashmere Cardigan
TnaBUTTER™ Rhythm Jumpsuit,The Effortless Pant
The Duvet Puffer Short,The Powder Parka™
Only Slip Midi Dress,Alchemy Dress
Bigfoot Polar Zip Hoodie,Cozy Fleece Perfect Zip Hoodie
Hillside Sweater,The Ganna™ Shirt Jacket
Contour Tank Bodysuit,Weekend T-Shirt
The Cocoon Coat New,Cozy Fleece Perfect Zip Hoodie
The Super Puff™ Shorty,Alftan Luxe Cashmere Cardigan
Sprinkles Cardigan,Supply Cargo Pant
Moonstruck Dress,Alftan Luxe Cashmere Cardigan
Ascendant Pant,TnaCHILL™ Atmosphere Hi-Rise Legging
The Constant™ Coat,Cozy Fleece Boyfriend Hoodie
Cozy Fleece Perfect Hoodie,Power Hip Blazer
Daughter Dress,The Slouch™ Coat New
Runaway Blouse,Power Hip Blazer
The Duvet Puffer Short,Cozy Fleece Perfect Zip Hoodie
Pavant Quilted Jacket,Troop Cargo Pant
Hush Knit V-Neck Sweater,Cozy Fleece Boyfriend Hoodie
Cody Massive Polar Vest,The Super Puff™
The New Only Coat,Sno Polar Shirt
Cody Massive Polar Vest,Supply Cargo Pant
Cody Massive Polar Vest,Greenwich Pant
The Mega Puff,TnaCHILL™ Atmosphere Hi-Rise Legging
Sprinkles Cardigan,Contour Crew Longsleeve Bodysuit
Clara Sweater,The Super Puff™
The New Stedman Coat,Divinity Jumpsuit
Carter Blouse,Izzy Cardigan
The Cloud Puff,Troop Cargo Pant
Sno Polar Oversized Zip Hoodie,Contour Crew Longsleeve Bodysuit
Chase Dress,The Super Puff™
Only Slip Midi Dress,Moonstruck Dress
The Slouch,Avery Overall
Ascendant Pant,Alftan Luxe Cashmere Cardigan
Moonstruck Dress,Only Slip Midi Dress
TnaBUTTER™ Rhythm Jumpsuit,Alchemy Dress
Chase Dress,Supply Cargo Pant
The Melina™ Pant,Izzy Cardigan
Only Slip Midi Dress,Refined Cargo Pant
Sherpa Long Liner Jacket,Cozy Fleece Perfect Zip Hoodie
Agency Blazer,Greenwich Pant
Chase Dress,Troop Cargo Pant
The Melina™ Pant,Power Hip Blazer
Hush Knit V-Neck Sweater,The Super Puff™
Daughter Dress,Refined Cargo Pant
The New Only Coat,Alchemy Dress
Daughter Dress,Alftan Luxe Cashmere Cardigan
Cozy Fleece Mega Sweatpant,Supply Cargo Pant
Moonstruck Dress,The Super Puff™ Long
Cozy Fleece Perfect Hoodie,Izzy Cardigan
The Super Puff₂O™ Long,The Ganna™ Shirt Jacket
The Stedman Coat,Divinity Jumpsuit
Cody Massive Polar Vest,The Effortless Pant
Sprinkles Cardigan,The Effortless Pant
The Powder Parka™ Long,Society Sweater
Clara Sweater,Izzy Cardigan
Runaway Blouse,Contour Crew Longsleeve Bodysuit
The Connor Long Coat,Cozy Fleece Perfect Zip Hoodie
Hush Knit V-Neck Sweater,Supply Cargo Pant
The Duvet Puffer Short,Justin Jacket
Sno Polar Zip-Up,The Powder Parka™
Picture Cargo Pant,The Ganna™ Shirt Jacket
The Constant™ Coat,Alchemy Dress
Pavant Quilted Jacket,The Effortless Pant
The Summit Parka,Greenwich Pant
Jimmy Pant,Justin Jacket
The Melina™ Pant,Contour Crew Longsleeve Bodysuit
The New Only Coat,Contour Crew Longsleeve Bodysuit
The New Only Coat,Greenwich Pant
The Mega Puff,Society Sweater
Sno Polar Zip-Up,Cozy Fleece Perfect Zip Hoodie
Aster Free Lounge Pant,Izzy Cardigan
The Super Puff Bomber,The Powder Parka™
Pavant Quilted Jacket,Refined Cargo Pant
Retrospect Sweater,Alftan Luxe Cashmere Cardigan
The Melina™ Pant,Alftan Luxe Cashmere Cardigan
Retrospect Sweater,Alchemy Dress
Ascendant Pant,Troop Cargo Pant
Alanya Pant,Justin Jacket
Clara Sweater,Alftan Luxe Cashmere Cardigan
The Ganna™ Long Shirt Jacket,Cozy Fleece Perfect Zip Hoodie
The Slouch,Troop Cargo Pant
The Summit Parka Short,Divinity Jumpsuit
Alanya Pant,TnaCHILL™ Atmosphere Hi-Rise Legging
The Slouch,The Ganna™ Shirt Jacket
The Powder Parka™ Short,The Powder Parka™
The Slouch,The Super Puff™
The Summit Parka,Contour Crew Longsleeve Bodysuit
Only Slip Midi Dress,The Super Puff™ Long
Carter Blouse,Alchemy Dress
The Super Puff™ Shorty,The Effortless Pant
Brennan Pant,The Super Puff™
Cody Massive Polar Vest,Alchemy Dress
Sno Polar ¼ Zip Hip Sweater,Sno Polar Oversized Zip Hoodie
The Duvet Puffer Mid,The Powder Parka™
Daughter Dress,The Effortless Pant
Sno Polar Oversized Zip Hoodie,Sno Polar ¼ Zip Hip Sweater
Ribbed Waist T-Shirt,Avery Overall
Picture Cargo Pant,Cozy Fleece Boyfriend Hoodie
Jimmy Pant,Greenwich Pant
Brennan Pant,Society Sweater
Cyprie Sweater,Alchemy Dress
Only Slip Midi Dress,Contour Crew Longsleeve Bodysuit
Cozy Fleece Mega Sweatpant,The Super Puff™
The Mega Puff,Avery Overall
The Summit Parka,Refined Cargo Pant
Retrospect Sweater,Izzy Cardigan
Alanya Pant,The Slouch™ Coat New
Brennan Pant,Refined Cargo Pant
Little Cropped Jacket,Contour Crew Longsleeve Bodysuit
Cody Massive Polar Vest,Refined Cargo Pant
The Constant™ Coat,Refined Cargo Pant
Sprinkles Cardigan,Refined Cargo Pant
The Super Puff₂O™ Long,Avery Overall
Brennan Pant,The Slouch™ Coat New
Jimmy Pant,Cozy Fleece Boyfriend Hoodie
The Super Puff₂O™,The Super Puff™
Cuffed Tech Cashmere Gloves,The Powder Parka™
The Powder Parka™ Long,TnaCHILL™ Atmosphere Hi-Rise Legging
The Powder Parka™ Long,The Slouch™ Coat New
Ascendant Pant,Alchemy Dress
Hush Knit V-Neck Sweater,Alftan Luxe Cashmere Cardigan
The Super Puff₂O™,The Effortless Pant
The Mega Puff,Troop Cargo Pant
Bigfoot Polar Zip Hoodie,Troop Cargo Pant
Cozy Fleece Mega Sweatpant,The Effortless Pant
Pavant Quilted Jacket,Alftan Luxe Cashmere Cardigan
The Cloud Puff,TnaCHILL™ Atmosphere Hi-Rise Legging
Brennan Pant,Alftan Luxe Cashmere Cardigan
Sprinkles Cardigan,Power Hip Blazer
Pavant Quilted Jacket,The Super Puff™
The Melina™ Pant,Supply Cargo Pant
Ascendant Pant,Supply Cargo Pant
The Super Puff₂O™ Long,The Slouch™ Coat New
Carter Blouse,Greenwich Pant
Only Slip Midi Dress,Greenwich Pant
Only Slip Midi Dress,Izzy Cardigan
Alanya Pant,Alftan Luxe Cashmere Cardigan
Daughter Dress,Greenwich Pant
The New Stedman Coat,The Powder Parka™
Hillside Sweater,Avery Overall
The Connor Long Coat,Cozy Fleece Boyfriend Hoodie
Bigfoot Polar Zip Hoodie,Greenwich Pant
The Slouch,Cozy Fleece Boyfriend Hoodie
Cozy Fleece Perfect Hoodie,Greenwich Pant
The Powder Parka™ Short,Cozy Fleece Perfect Zip Hoodie
The Cocoon Coat New,TnaCHILL™ Atmosphere Hi-Rise Legging
Unwind Cardigan,Contour Crew Longsleeve Bodysuit
Unwind Cardigan,Supply Cargo Pant
The Cocoon Coat New,Justin Jacket
Retrospect Sweater,Contour Crew Longsleeve Bodysuit
The Cloud Puff,The Ganna™ Shirt Jacket
Chase Dress,The Effortless Pant
The Cloud Puff,Justin Jacket
Little Cropped Jacket,Agency Blazer
The Cocoon Coat New,Supply Cargo Pant
The Powder Parka™ Long,Troop Cargo Pant
The Cocoon Coat New,Troop Cargo Pant
Hillside Sweater,The Slouch™ Coat New
The Powder Parka™ Long,The Super Puff™
Runaway Blouse,The Super Puff™ Long
The Connor Coat,The Powder Parka™
The Powder Parka™ Long,Avery Overall
The Powder Parka™ Long,The Super Puff™ Long
Cuffed Tech Cashmere Gloves,Cozy Fleece Boyfriend Hoodie
The Duvet Puffer Short,Cozy Fleece Boyfriend Hoodie
Hush Knit V-Neck Sweater,The Effortless Pant
The Cloud Puff,The Powder Parka™
Sherpa Long Liner Jacket,Justin Jacket
The Mega Puff,The Powder Parka™
The Super Puff₂O™ Long,Justin Jacket
Hillside Sweater,Power Hip Blazer
The Super Puff₂O™,Alftan Luxe Cashmere Cardigan
The Connor Coat,Avery Overall
The Melina™ Pant,The Effortless Pant
Bigfoot Polar Zip Hoodie,Alftan Luxe Cashmere Cardigan
Hillside Sweater,The Super Puff™
Sherpa Long Liner Jacket,Supply Cargo Pant
Cozy Fleece Mega Sweatpant,Greenwich Pant
Sno Polar ¼ Zip Hip Sweater,The Effortless Pant
The Cloud Puff,Society Sweater
The Mega Puff,The Ganna™ Shirt Jacket
The Super Puff™ Mid,The Powder Parka™
Cody Massive Polar Vest,Contour Crew Longsleeve Bodysuit
Runaway Blouse,Alchemy Dress
The Powder Parka™ Long,Justin Jacket
Cozy Fleece Mega Sweatpant,Alchemy Dress
The Ganna™ Long Shirt Jacket,Cozy Fleece Boyfriend Hoodie
Sno Polar Zip-Up,The Slouch™ Coat New
The Duvet Puffer Mid,Divinity Jumpsuit
Unwind Cardigan,Izzy Cardigan
Sno Polar Oversized Zip Hoodie,Izzy Cardigan
Sno Polar ¼ Zip Hip Sweater,Izzy Cardigan
The Cocoon Long Coat,Greenwich Pant
Moonstruck Dress,Izzy Cardigan
Jimmy Pant,TnaCHILL™ Atmosphere Hi-Rise Legging
The Cloud Puff,Cozy Fleece Boyfriend Hoodie
Retrospect Sweater,Sno Polar Shirt
The Powder Parka™ Long,The Effortless Pant
Moonstruck Dress,Power Hip Blazer
The Super Puff₂O™,Greenwich Pant
The Mega Puff,Supply Cargo Pant
The Super Puff₂O™ Long,Greenwich Pant
Sprinkles Cardigan,Izzy Cardigan
Bigfoot Polar Zip Hoodie,Society Sweater
Sno Polar Zip-Up,Avery Overall
The Super Puff₂O™ Long,Alftan Luxe Cashmere Cardigan
The Super Puff₂O™ Long,Troop Cargo Pant
Moonstruck Dress,Alchemy Dress
Ascendant Pant,The Effortless Pant
Sprinkles Cardigan,Alchemy Dress
The New Stedman Coat,Cozy Fleece Perfect Zip Hoodie
The Stedman Coat,The Powder Parka™
Hillside Sweater,TnaCHILL™ Atmosphere Hi-Rise Legging
Alanya Pant,The Super Puff™
The Summit Parka Short,The Powder Parka™
Moonstruck Dress,Refined Cargo Pant
Cody Massive Polar Vest,Power Hip Blazer
The Connor Coat,The Super Puff™
The Ganna™ Long Shirt Jacket,The Ganna™ Shirt Jacket
The Ganna™ Long Shirt Jacket,Justin Jacket
Only Slip Midi Dress,Sno Polar Shirt
Sno Polar Oversized Zip Hoodie,The Super Puff™ Long
The Super Puff₂O™,The Super Puff™ Long
Clara Sweater,The Slouch™ Coat New
Picture Cargo Pant,Justin Jacket
The Cocoon Coat New,The Ganna™ Shirt Jacket
The Super Puff₂O™ Long,Society Sweater
Retrospect Sweater,The Super Puff™ Long
Clara Sweater,The Effortless Pant
The Constant™ Coat,Izzy Cardigan
Retrospect Sweater,Greenwich Pant
The Duvet Puffer Short,The Slouch™ Coat New
Bigfoot Polar Zip Hoodie,Contour Crew Longsleeve Bodysuit
Brennan Pant,The Effortless Pant
The Cocoon Coat New,The Powder Parka™
Harper Sweater,Cozy Fleece Perfect Zip Hoodie
Jimmy Pant,Society Sweater
Unwind Cardigan,Alftan Luxe Cashmere Cardigan
Sprinkles Cardigan,Greenwich Pant
Sno Polar Oversized Zip Hoodie,Weekend T-Shirt
The Connor Coat,The Slouch™ Coat New
Ellipsis Luxe Cashmere Tank,Divinity Jumpsuit
The Connor Long Coat,Avery Overall
Ribbed Waist T-Shirt,Justin Jacket
Hillside Sweater,Troop Cargo Pant
Harper Sweater,Divinity Jumpsuit
Brennan Pant,Izzy Cardigan
Bigfoot Polar Zip Hoodie,The Ganna™ Shirt Jacket
Ribbed Waist T-Shirt,Refined Cargo Pant
Chase Dress,Alftan Luxe Cashmere Cardigan
Only Slip Midi Dress,Power Hip Blazer
Cuffed Tech Cashmere Gloves,Society Sweater
The Constant™ Coat,Power Hip Blazer
The Cocoon Long Coat,The Powder Parka™
The Connor Coat,The Ganna™ Shirt Jacket
The Duvet Puffer Short,Society Sweater
The Connor Long Coat,Justin Jacket
Sno Polar Zip-Up,The Ganna™ Shirt Jacket
Cozy Fleece Mega Sweatpant,Aster Free Lounge Pant
The Powder Parka™ Long,Alchemy Dress
Aster Free Lounge Pant,Cozy Fleece Mega Sweatpant
The Constant™ Coat,Sno Polar Shirt
Aster Free Lounge Pant,The Super Puff™ Long
Sno Polar Zip-Up,TnaCHILL™ Atmosphere Hi-Rise Legging
The Cloud Puff,Supply Cargo Pant
The Cocoon Coat New,Society Sweater
The Duvet Puffer Short,Troop Cargo Pant
Alanya Pant,The Effortless Pant
The Mega Puff,The Effortless Pant
The Summit Parka Short,Cozy Fleece Perfect Zip Hoodie
The Mega Puff,Cozy Fleece Boyfriend Hoodie
Cuffed Tech Cashmere Gloves,Troop Cargo Pant
Harper Sweater,The Powder Parka™
Clara Sweater,Supply Cargo Pant
Jimmy Pant,The Slouch™ Coat New
The Ganna™ Long Shirt Jacket,Avery Overall
Sherpa Long Liner Jacket,Refined Cargo Pant
Picture Cargo Pant,Troop Cargo Pant
Sherpa Long Liner Jacket,The Ganna™ Shirt Jacket
Cuffed Tech Cashmere Gloves,The Ganna™ Shirt Jacket
The Connor Long Coat,The Ganna™ Shirt Jacket
Ellipsis Luxe Cashmere Tank,Cozy Fleece Perfect Zip Hoodie
Clara Sweater,Contour Crew Longsleeve Bodysuit
Bigfoot Polar Zip Hoodie,Power Hip Blazer
Pavant Quilted Jacket,Greenwich Pant
Jimmy Pant,Alftan Luxe Cashmere Cardigan
Cuffed Tech Cashmere Gloves,Justin Jacket
Clara Sweater,Greenwich Pant
Hillside Sweater,Alchemy Dress
Picture Cargo Pant,Avery Overall
The Powder Parka™ Long,Supply Cargo Pant
The Cocoon Long Coat,Divinity Jumpsuit
The Super Puff₂O™ Long,Power Hip Blazer
Sno Polar Zip-Up,Society Sweater
The Cloud Puff,The Effortless Pant
The Connor Long Coat,Troop Cargo Pant
Hillside Sweater,Alftan Luxe Cashmere Cardigan
The Melina™ Pant,Refined Cargo Pant
Daughter Dress,Power Hip Blazer
Cuffed Tech Cashmere Gloves,Avery Overall
Picture Cargo Pant,Society Sweater
Ascendant Pant,Refined Cargo Pant
Aster Free Lounge Pant,Pleated Pant
The Powder Parka™ Short,Cozy Fleece Boyfriend Hoodie
The Connor Coat,TnaCHILL™ Atmosphere Hi-Rise Legging
The Connor Coat,Justin Jacket
Hillside Sweater,Contour Crew Longsleeve Bodysuit
Moonstruck Dress,Greenwich Pant
The Melina™ Pant,Alchemy Dress
Jimmy Pant,Izzy Cardigan
The Super Puff₂O™ Long,TnaCHILL™ Atmosphere Hi-Rise Legging
The Cloud Puff,The Super Puff™
Sno Polar Zip-Up,Troop Cargo Pant
The Connor Coat,Society Sweater
Alanya Pant,Power Hip Blazer
Sherpa Long Liner Jacket,Avery Overall
The Connor Coat,Cozy Fleece Boyfriend Hoodie
The Mega Puff,The Super Puff™
The Super Puff₂O™,Contour Crew Longsleeve Bodysuit
The Super Puff₂O™,Izzy Cardigan
Ribbed Waist T-Shirt,Troop Cargo Pant
Unwind Cardigan,Alchemy Dress
Picture Cargo Pant,The Slouch™ Coat New
Cyprie Sweater,Greenwich Pant
The Slouch,Supply Cargo Pant
The Super Puff₂O™,The Connor Coat
Brennan Pant,Ty Cardigan
The Connor Coat,The Super Puff₂O™
Alanya Pant,Supply Cargo Pant
The Duvet Puffer Short,Avery Overall
The Powder Parka™ Short,Divinity Jumpsuit
The Connor Coat,The Effortless Pant
The Cocoon Coat New,The Slouch™ Coat New
The Duvet Puffer Short,TnaCHILL™ Atmosphere Hi-Rise Legging
The Ganna™ Long Shirt Jacket,TnaCHILL™ Atmosphere Hi-Rise Legging
Cozy Fleece Mega Sweatpant,Izzy Cardigan
Picture Cargo Pant,Greenwich Pant
Bigfoot Polar Zip Hoodie,The Slouch™ Coat New
Brennan Pant,Greenwich Pant
The Constant™ Coat,Alftan Luxe Cashmere Cardigan
Cody Massive Polar Vest,The Super Puff™ Long
Picture Cargo Pant,TnaCHILL™ Atmosphere Hi-Rise Legging
Ribbed Waist T-Shirt,The Slouch™ Coat New
Chase Dress,Power Hip Blazer
Sno Polar Zip-Up,Cozy Fleece Boyfriend Hoodie
Ribbed Waist T-Shirt,Society Sweater
The Super Puff₂O™,Alchemy Dress
The Duvet Puffer Short,The Super Puff™
Cody Massive Polar Vest,Izzy Cardigan
The Powder Parka™ Long,Power Hip Blazer
Sno Polar Zip-Up,Supply Cargo Pant
Ascendant Pant,Power Hip Blazer
Bigfoot Polar Zip Hoodie,Avery Overall
Cozy Fleece Mega Sweatpant,Refined Cargo Pant
Chase Dress,Alchemy Dress
Cozy Fleece Mega Sweatpant,The Super Puff™ Long
Pavant Quilted Jacket,Contour Crew Longsleeve Bodysuit
Chase Dress,Refined Cargo Pant
Alanya Pant,Troop Cargo Pant
The Duvet Puffer Short,The Effortless Pant
The Powder Parka™ Long,Contour Crew Longsleeve Bodysuit
Alanya Pant,Society Sweater
Sherpa Long Liner Jacket,Society Sweater
Bigfoot Polar Zip Hoodie,Justin Jacket
Hillside Sweater,Supply Cargo Pant
Ascendant Pant,Contour Crew Longsleeve Bodysuit
The Ganna™ Long Shirt Jacket,Troop Cargo Pant
The Powder Parka™ Long,Alftan Luxe Cashmere Cardigan
Unwind Cardigan,Refined Cargo Pant
The Super Puff™ Mid,Divinity Jumpsuit
Sherpa Long Liner Jacket,Cozy Fleece Boyfriend Hoodie
The Super Puff₂O™,Pleated Pant
Ribbed Waist T-Shirt,TnaCHILL™ Atmosphere Hi-Rise Legging
Daughter Dress,Ty Cardigan
Cyprie Sweater,Izzy Cardigan
Daughter Dress,Cozy Fleece Perfect Hoodie
The New Stedman Coat,TnaCHILL™ Atmosphere Hi-Rise Legging
Sherpa Long Liner Jacket,The Slouch™ Coat New
Ribbed Waist T-Shirt,The Super Puff™
The Duvet Puffer Mid,The Super Puff™ Long
The Ganna™ Long Shirt Jacket,The Slouch™ Coat New
The Super Puff₂O™ Long,Alchemy Dress
The Cocoon Coat New,The Super Puff™
The Super Puff₂O™ Shorty,Cozy Fleece Perfect Zip Hoodie
Clara Sweater,Refined Cargo Pant
The Super Puff₂O™ Shorty,The Powder Parka™
The Slouch,The Summit Parka
The Ganna™ Long Shirt Jacket,Society Sweater
The Ganna™ Long Shirt Jacket,Greenwich Pant
The Stedman Coat,Avery Overall
Cuffed Tech Cashmere Gloves,Alftan Luxe Cashmere Cardigan
Pavant Quilted Jacket,Power Hip Blazer
The Cocoon Coat New,Cozy Fleece Boyfriend Hoodie
Picture Cargo Pant,Alftan Luxe Cashmere Cardigan
The Stedman Coat,Cozy Fleece Perfect Zip Hoodie
Unwind Cardigan,Power Hip Blazer
The Melina™ Pant,Weekend T-Shirt
The Super Puff₂O™,Power Hip Blazer
The Super Puff₂O™ Long,The Super Puff™
Cuffed Tech Cashmere Gloves,Greenwich Pant
Hush Knit V-Neck Sweater,Izzy Cardigan
Brennan Pant,Power Hip Blazer
Unwind Cardigan,The Summit Parka
The Stedman Coat,The Ganna™ Shirt Jacket
Jimmy Pant,The Effortless Pant
Sherpa Long Liner Jacket,Troop Cargo Pant
Unwind Cardigan,The Super Puff™ Long
Bigfoot Polar Zip Hoodie,TnaCHILL™ Atmosphere Hi-Rise Legging
The Connor Long Coat,Society Sweater
The Stedman Coat,TnaCHILL™ Atmosphere Hi-Rise Legging
The Slouch,Alchemy Dress
The Cloud Puff,Alftan Luxe Cashmere Cardigan
The Super Puff Bomber,Divinity Jumpsuit
Jimmy Pant,The Super Puff™
The Super Puff₂O™ Shorty,Divinity Jumpsuit
Cuffed Tech Cashmere Gloves,The Super Puff™
Jimmy Pant,Power Hip Blazer
Ribbed Waist T-Shirt,Supply Cargo Pant
Unwind Cardigan,Weekend T-Shirt
Hush Knit V-Neck Sweater,Power Hip Blazer
The Super Puff Bomber,The Ganna™ Shirt Jacket
The Summit Parka Short,The Ganna™ Shirt Jacket
Jimmy Pant,Supply Cargo Pant
Sno Polar Zip-Up,Justin Jacket
The New Stedman Coat,The Ganna™ Shirt Jacket
Sherpa Long Liner Jacket,TnaCHILL™ Atmosphere Hi-Rise Legging
The Duvet Puffer Short,The Ganna™ Shirt Jacket
Chase Dress,Greenwich Pant
The Super Puff₂O™,Refined Cargo Pant
The Slouch,Refined Cargo Pant
Cyprie Sweater,Contour Crew Longsleeve Bodysuit
Hillside Sweater,Society Sweater
Brennan Pant,Contour Crew Longsleeve Bodysuit
The Duvet Puffer Short,Supply Cargo Pant
Ribbed Waist T-Shirt,Greenwich Pant
Harper Sweater,The Ganna™ Shirt Jacket
Cody Massive Polar Vest,Delilah Mini Dress
The Super Puff₂O™ Long,The Effortless Pant
Ellipsis Luxe Cashmere Tank,The Powder Parka™
The Cloud Puff,Power Hip Blazer
Bigfoot Polar Zip Hoodie,The Effortless Pant
Cuffed Tech Cashmere Gloves,TnaCHILL™ Atmosphere Hi-Rise Legging
Bigfoot Polar Zip Hoodie,The Super Puff™
Hush Knit V-Neck Sweater,Alchemy Dress
The Summit Parka Short,Avery Overall
The Cloud Puff,Sno Polar Shirt
The Slouch,Izzy Cardigan
The Super Puff Bomber,Cozy Fleece Perfect Zip Hoodie
The Connor Long Coat,Alftan Luxe Cashmere Cardigan
Ascendant Pant,Izzy Cardigan
Cuffed Tech Cashmere Gloves,The Effortless Pant
The Super Puff₂O™ Long,Contour Crew Longsleeve Bodysuit
Alanya Pant,Refined Cargo Pant
Jimmy Pant,The Super Puff™ Long
The Duvet Puffer Mid,Cozy Fleece Boyfriend Hoodie
Ellipsis Luxe Cashmere Tank,Troop Cargo Pant
The Super Puff™ Mid,The Ganna™ Shirt Jacket
Chase Dress,Izzy Cardigan
The Ganna™ Long Shirt Jacket,The Super Puff™
The Cocoon Long Coat,Troop Cargo Pant
The Ganna™ Long Shirt Jacket,Refined Cargo Pant
Brennan Pant,The Super Puff™ Long
Picture Cargo Pant,The Super Puff™
The Super Puff₂O™ Long,Refined Cargo Pant
Ribbed Waist T-Shirt,Alftan Luxe Cashmere Cardigan
The Stedman Coat,Justin Jacket
Hillside Sweater,Refined Cargo Pant
Jimmy Pant,Pleated Pant
The Powder Parka™ Long,Greenwich Pant
The Connor Coat,Supply Cargo Pant
Ellipsis Luxe Cashmere Tank,Cozy Fleece Boyfriend Hoodie
The New Stedman Coat,Avery Overall
Ellipsis Luxe Cashmere Tank,Society Sweater
Harper Sweater,Justin Jacket
Ribbed Waist T-Shirt,Ty Cardigan
The Duvet Puffer Short,Alftan Luxe Cashmere Cardigan
Harper Sweater,Avery Overall
The Mega Puff,Alftan Luxe Cashmere Cardigan
Cuffed Tech Cashmere Gloves,Supply Cargo Pant
The Stedman Coat,Cozy Fleece Boyfriend Hoodie
Hush Knit V-Neck Sweater,Contour Crew Longsleeve Bodysuit
Unwind Cardigan,Ronnie Sweater
The Connor Coat,Power Hip Blazer
Cuffed Tech Cashmere Gloves,The Slouch™ Coat New
Brennan Pant,Alchemy Dress
Clara Sweater,Alchemy Dress
The Ganna™ Long Shirt Jacket,Alftan Luxe Cashmere Cardigan
Picture Cargo Pant,Contour Crew Longsleeve Bodysuit
The Slouch,Power Hip Blazer
The Powder Parka™ Short,Avery Overall
The Stedman Coat,Society Sweater
The Super Puff₂O™ Shorty,The Ganna™ Shirt Jacket
The New Stedman Coat,Justin Jacket
Ellipsis Luxe Cashmere Tank,Avery Overall
Thermal Cowlneck,The Powder Parka™
The Cocoon Coat New,Sno Polar Shirt
Jimmy Pant,Contour Crew Longsleeve Bodysuit
The Duvet Puffer Short,Power Hip Blazer
The Stedman Coat,The Slouch™ Coat New
Picture Cargo Pant,Izzy Cardigan
The Mega Puff,Izzy Cardigan
The Duvet Puffer Mid,TnaCHILL™ Atmosphere Hi-Rise Legging
Thermal Cowlneck,Cozy Fleece Perfect Zip Hoodie
The Cloud Puff,Refined Cargo Pant
The Powder Parka™ Long,Refined Cargo Pant
Hillside Sweater,Izzy Cardigan
The Slouch,Alftan Luxe Cashmere Cardigan
The Powder Parka™ Short,The Ganna™ Shirt Jacket
Cuffed Tech Cashmere Gloves,Power Hip Blazer
The Mega Puff,Refined Cargo Pant
The Super Puff₂O™ Long,Ty Cardigan
The Cocoon Long Coat,The Ganna™ Shirt Jacket
Picture Cargo Pant,Refined Cargo Pant
The Cocoon Coat New,Refined Cargo Pant
The Super Puff™ Mid,Cozy Fleece Perfect Zip Hoodie
Alanya Pant,Contour Crew Longsleeve Bodysuit
The Summit Parka Short,Refined Cargo Pant
The Ganna™ Long Shirt Jacket,Supply Cargo Pant
The Connor Coat,Alftan Luxe Cashmere Cardigan
Harper Sweater,Alftan Luxe Cashmere Cardigan
The Connor Coat,Izzy Cardigan
The Cloud Puff,Izzy Cardigan
Cuffed Tech Cashmere Gloves,The Super Puff™ Long
The Powder Parka™ Long,Izzy Cardigan
Harper Sweater,Cozy Fleece Boyfriend Hoodie
Picture Cargo Pant,Supply Cargo Pant
The Cocoon Long Coat,Cozy Fleece Boyfriend Hoodie
The Connor Long Coat,The Super Puff™
The Connor Long Coat,The Slouch™ Coat New
The Connor Coat,Alchemy Dress
Alanya Pant,Ty Cardigan
Hillside Sweater,The Effortless Pant
The Cocoon Coat New,Izzy Cardigan
The Cocoon Long Coat,Cozy Fleece Perfect Zip Hoodie
The Duvet Puffer Mid,Cozy Fleece Perfect Zip Hoodie
The Slouch,The New Only Coat
Sherpa Long Liner Jacket,Alftan Luxe Cashmere Cardigan
The Duvet Puffer Short,Greenwich Pant
The New Stedman Coat,The Slouch™ Coat New
The New Stedman Coat,Society Sweater
The Super Puff₂O™ Shorty,Cozy Fleece Boyfriend Hoodie
Alanya Pant,Alchemy Dress
The Cocoon Long Coat,The Slouch™ Coat New
The Summit Parka Short,Troop Cargo Pant
Picture Cargo Pant,The Effortless Pant
Bigfoot Polar Zip Hoodie,Alchemy Dress
Harper Sweater,Society Sweater
The Connor Coat,Contour Crew Longsleeve Bodysuit
The Duvet Puffer Short,Izzy Cardigan
Ribbed Waist T-Shirt,Alchemy Dress
The Slouch,Sno Polar Shirt
The Cocoon Long Coat,Justin Jacket
Ribbed Waist T-Shirt,Power Hip Blazer
The Connor Long Coat,Izzy Cardigan
The Duvet Puffer Mid,The Ganna™ Shirt Jacket
Harper Sweater,TnaCHILL™ Atmosphere Hi-Rise Legging
Jimmy Pant,Refined Cargo Pant
Cuffed Tech Cashmere Gloves,Alchemy Dress
The Powder Parka™ Short,The Super Puff™
The Super Puff₂O™ Shorty,Justin Jacket
Jimmy Pant,Alchemy Dress
The New Stedman Coat,Cozy Fleece Boyfriend Hoodie
Ellipsis Luxe Cashmere Tank,The Super Puff™
Bigfoot Polar Zip Hoodie,Refined Cargo Pant
The Duvet Puffer Short,Alchemy Dress
The Slouch,The Super Puff™ Long
Ribbed Waist T-Shirt,TnaBUTTER™ Rhythm Jumpsuit
The Summit Parka Short,Cozy Fleece Boyfriend Hoodie
The Duvet Puffer Short,The Super Puff™ Long
Bigfoot Polar Zip Hoodie,The Super Puff™ Long
Picture Cargo Pant,Runaway Blouse
The Connor Coat,The Super Puff™ Long
The Super Puff₂O™ Long,Supply Cargo Pant
Sno Polar Zip-Up,The Effortless Pant
The Powder Parka™ Short,Power Hip Blazer
Ribbed Waist T-Shirt,The Effortless Pant
The Summit Parka Short,Supply Cargo Pant
Chase Dress,Contour Crew Longsleeve Bodysuit
Sherpa Long Liner Jacket,The Super Puff™
The Ganna™ Long Shirt Jacket,Alchemy Dress
The Mega Puff,Sno Polar Shirt
Picture Cargo Pant,Power Hip Blazer
Hillside Sweater,The Super Puff™ Shorty
Ellipsis Luxe Cashmere Tank,The Slouch™ Coat New
Ellipsis Luxe Cashmere Tank,The Ganna™ Shirt Jacket
The Duvet Puffer Mid,Justin Jacket
Harper Sweater,Refined Cargo Pant
The Powder Parka™ Short,Troop Cargo Pant
The Ganna™ Long Shirt Jacket,Power Hip Blazer
The Super Puff₂O™ Shorty,The Slouch™ Coat New
The Mega Puff,Alchemy Dress
Sherpa Long Liner Jacket,Alchemy Dress
The Connor Long Coat,Power Hip Blazer
The Cocoon Long Coat,Society Sweater
The Super Puff₂O™ Long,TnaBUTTER™ Rhythm Jumpsuit
Ellipsis Luxe Cashmere Tank,Justin Jacket
The Duvet Puffer Mid,The Super Puff™
The Powder Parka™ Short,Society Sweater
Ribbed Waist T-Shirt,Izzy Cardigan
The Powder Parka™ Short,TnaCHILL™ Atmosphere Hi-Rise Legging
The Powder Parka™ Short,Alftan Luxe Cashmere Cardigan
The Slouch,Contour Crew Longsleeve Bodysuit
The Cloud Puff,Contour Crew Longsleeve Bodysuit
The Ganna™ Long Shirt Jacket,The Effortless Pant
Bigfoot Polar Zip Hoodie,Pleated Pant
The Cloud Puff,Alchemy Dress
The Cocoon Coat New,The Effortless Pant
Picture Cargo Pant,TnaBUTTER™ Rhythm Jumpsuit
The Super Puff Bomber,The Slouch™ Coat New
The Super Puff₂O™ Shorty,Avery Overall
The Connor Long Coat,TnaCHILL™ Atmosphere Hi-Rise Legging
The Cocoon Coat New,Alftan Luxe Cashmere Cardigan
The Connor Coat,Greenwich Pant
The Super Puff™ Mid,Avery Overall
The Mega Puff,Retrospect Sweater
The Summit Parka Short,Justin Jacket
The Super Puff₂O™ Long,Izzy Cardigan
The Ganna™ Long Shirt Jacket,Ty Cardigan
Harper Sweater,The Slouch™ Coat New
The Duvet Puffer Mid,The Slouch™ Coat New
The Cocoon Coat New,Contour Crew Longsleeve Bodysuit
The Cocoon Long Coat,Avery Overall
The Mega Puff,Contour Crew Longsleeve Bodysuit
The Duvet Puffer Mid,Avery Overall
The New Stedman Coat,Troop Cargo Pant
Cuffed Tech Cashmere Gloves,Contour Crew Longsleeve Bodysuit
Picture Cargo Pant,Ty Cardigan
Thermal Cowlneck,The Ganna™ Shirt Jacket
The Duvet Puffer Mid,Society Sweater
Bigfoot Polar Zip Hoodie,Supply Cargo Pant
The Connor Coat,Refined Cargo Pant
The New Stedman Coat,The Super Puff™
The Stedman Coat,The Super Puff™
The Stedman Coat,Troop Cargo Pant
The New Stedman Coat,Supply Cargo Pant
The Powder Parka™ Short,The Slouch™ Coat New
The Stedman Coat,Alftan Luxe Cashmere Cardigan
Jimmy Pant,Delilah Mini Dress
The Cocoon Long Coat,The Super Puff™
The Super Puff™ Mid,Cozy Fleece Boyfriend Hoodie
The Super Puff™ Mid,TnaCHILL™ Atmosphere Hi-Rise Legging
Ellipsis Luxe Cashmere Tank,TnaCHILL™ Atmosphere Hi-Rise Legging
The Cloud Puff,Cozy Fleece Perfect Hoodie
Thermal Cowlneck,Divinity Jumpsuit
The Duvet Puffer Short,Refined Cargo Pant
Ellipsis Luxe Cashmere Tank,The Effortless Pant
The Cloud Puff,Greenwich Pant
The Mega Puff,The Super Puff™ Long
The Duvet Puffer Mid,Supply Cargo Pant
Sno Polar Zip-Up,The Super Puff™
The Super Puff™ Mid,Society Sweater
Jimmy Pant,Runaway Blouse
The Summit Parka Short,TnaCHILL™ Atmosphere Hi-Rise Legging
The Super Puff™ Mid,Greenwich Pant
The Ganna™ Long Shirt Jacket,Runaway Blouse
The Powder Parka™ Short,Justin Jacket
The Ganna™ Long Shirt Jacket,Contour Crew Longsleeve Bodysuit
The Connor Coat,Ronnie Sweater
The Mega Puff,Delilah Mini Dress
Picture Cargo Pant,The Super Puff™ Long
Sno Polar Zip-Up,Alchemy Dress
The Super Puff Bomber,Troop Cargo Pant
The Super Puff Bomber,Cozy Fleece Boyfriend Hoodie
The Connor Coat,Sno Polar Shirt
The Duvet Puffer Short,Contour Crew Longsleeve Bodysuit
The Connor Long Coat,The Effortless Pant
Harper Sweater,Troop Cargo Pant
The Connor Long Coat,Alchemy Dress
The Summit Parka Short,Society Sweater
Sno Polar Zip-Up,The Super Puff™ Long
The Powder Parka™ Short,Supply Cargo Pant
Thermal Cowlneck,Cozy Fleece Boyfriend Hoodie
Bigfoot Polar Zip Hoodie,Izzy Cardigan
The Super Puff Bomber,Refined Cargo Pant
Thermal Cowlneck,Greenwich Pant
The Summit Parka Short,Power Hip Blazer
The Mega Puff,Ronnie Sweater
The Summit Parka Short,The Super Puff™
Bigfoot Polar Zip Hoodie,Aster Free Lounge Pant
The Super Puff Bomber,TnaCHILL™ Atmosphere Hi-Rise Legging
The Super Puff Bomber,Avery Overall
The Super Puff™ Mid,Justin Jacket
Sherpa Long Liner Jacket,Power Hip Blazer
The Stedman Coat,The Effortless Pant
Sherpa Long Liner Jacket,The Effortless Pant
The Duvet Puffer Mid,The Effortless Pant
Sno Polar Zip-Up,Refined Cargo Pant
The Ganna™ Long Shirt Jacket,TnaBUTTER™ Rhythm Jumpsuit
The Connor Long Coat,Contour Crew Longsleeve Bodysuit
The Connor Long Coat,Supply Cargo Pant
Cuffed Tech Cashmere Gloves,Refined Cargo Pant
The Duvet Puffer Short,Sno Polar Shirt
The Connor Long Coat,Refined Cargo Pant
The Super Puff₂O™ Shorty,Alftan Luxe Cashmere Cardigan
Sno Polar Zip-Up,Izzy Cardigan
The New Stedman Coat,The Effortless Pant
The Super Puff™ Mid,The Slouch™ Coat New
Sno Polar Zip-Up,Alftan Luxe Cashmere Cardigan
Ellipsis Luxe Cashmere Tank,Contour Crew Longsleeve Bodysuit
The New Stedman Coat,Refined Cargo Pant
The Stedman Coat,Supply Cargo Pant
The Duvet Puffer Mid,Alftan Luxe Cashmere Cardigan
The Cocoon Long Coat,Alftan Luxe Cashmere Cardigan
The Duvet Puffer Short,Weekend T-Shirt
The Duvet Puffer Mid,Troop Cargo Pant
Ellipsis Luxe Cashmere Tank,Alchemy Dress
The Super Puff Bomber,The Super Puff™
Sno Polar Zip-Up,Contour Crew Longsleeve Bodysuit
The Super Puff₂O™ Shorty,Supply Cargo Pant
Thermal Cowlneck,Troop Cargo Pant
The Cocoon Long Coat,Izzy Cardigan
The Summit Parka Short,The Slouch™ Coat New
The Summit Parka Short,Izzy Cardigan
Sherpa Long Liner Jacket,Izzy Cardigan
The New Stedman Coat,Alftan Luxe Cashmere Cardigan
The Cocoon Long Coat,TnaCHILL™ Atmosphere Hi-Rise Legging
The Duvet Puffer Mid,Alchemy Dress
The Powder Parka™ Short,Contour Crew Longsleeve Bodysuit
The Stedman Coat,Alchemy Dress
The Super Puff₂O™ Shorty,The Super Puff™
The Super Puff₂O™ Shorty,Society Sweater
Harper Sweater,The Super Puff™
The Stedman Coat,Greenwich Pant
The Stedman Coat,Izzy Cardigan
The Super Puff Bomber,Justin Jacket
Sherpa Long Liner Jacket,Sno Polar Shirt
Sno Polar Zip-Up,Sno Polar Shirt
The Super Puff Bomber,Supply Cargo Pant
The Super Puff Bomber,Society Sweater
The Summit Parka Short,Alftan Luxe Cashmere Cardigan
The Powder Parka™ Short,Alchemy Dress
The Duvet Puffer Mid,Refined Cargo Pant
The Super Puff₂O™ Shorty,TnaCHILL™ Atmosphere Hi-Rise Legging
The Summit Parka Short,Ty Cardigan
Ellipsis Luxe Cashmere Tank,Greenwich Pant
The Summit Parka Short,Runaway Blouse
The Super Puff™ Mid,Alchemy Dress
The Super Puff™ Mid,Troop Cargo Pant
Sherpa Long Liner Jacket,Greenwich Pant
Sno Polar Zip-Up,Greenwich Pant
Ellipsis Luxe Cashmere Tank,Supply Cargo Pant
Thermal Cowlneck,TnaCHILL™ Atmosphere Hi-Rise Legging
The Connor Long Coat,Greenwich Pant
Harper Sweater,Supply Cargo Pant
Ellipsis Luxe Cashmere Tank,Izzy Cardigan
The Super Puff™ Mid,Power Hip Blazer
Thermal Cowlneck,Justin Jacket
The Super Puff™ Mid,Alftan Luxe Cashmere Cardigan
The Super Puff™ Mid,The Super Puff™
Sno Polar Zip-Up,Power Hip Blazer
Thermal Cowlneck,Avery Overall
The Cocoon Long Coat,The Effortless Pant
Ellipsis Luxe Cashmere Tank,Refined Cargo Pant
The Super Puff₂O™ Shorty,Refined Cargo Pant
The Super Puff₂O™ Shorty,Troop Cargo Pant
Thermal Cowlneck,The Super Puff™
The Cocoon Long Coat,Refined Cargo Pant
The Duvet Puffer Mid,Contour Crew Longsleeve Bodysuit
The Powder Parka™ Short,Refined Cargo Pant
The Powder Parka™ Short,The Super Puff™ Long
Ellipsis Luxe Cashmere Tank,Alftan Luxe Cashmere Cardigan
The Duvet Puffer Mid,Greenwich Pant
The New Stedman Coat,Alchemy Dress
The Powder Parka™ Short,Greenwich Pant
Harper Sweater,Power Hip Blazer
Harper Sweater,Izzy Cardigan
Harper Sweater,Alchemy Dress
The Summit Parka Short,The Effortless Pant
Harper Sweater,Greenwich Pant
The Super Puff™ Mid,Alanya Pant
The Cocoon Long Coat,Supply Cargo Pant
The New Stedman Coat,Izzy Cardigan
Ellipsis Luxe Cashmere Tank,Pleated Pant
The Powder Parka™ Short,The Effortless Pant
The Summit Parka Short,Greenwich Pant
The New Stedman Coat,Greenwich Pant
The Stedman Coat,Weekend T-Shirt
The Summit Parka Short,Contour Crew Longsleeve Bodysuit
Ellipsis Luxe Cashmere Tank,The Super Puff₂O™
The New Stedman Coat,The Super Puff™ Long
The New Stedman Coat,Power Hip Blazer
The Super Puff™ Mid,The Effortless Pant
Ellipsis Luxe Cashmere Tank,The Super Puff™ Long
The Stedman Coat,Contour Crew Longsleeve Bodysuit
The Duvet Puffer Mid,Moonstruck Dress
The Duvet Puffer Mid,Only Slip Midi Dress
Thermal Cowlneck,Supply Cargo Pant
Harper Sweater,Contour Crew Longsleeve Bodysuit
Thermal Cowlneck,Contour Crew Longsleeve Bodysuit
The Powder Parka™ Short,Izzy Cardigan
The Duvet Puffer Mid,Power Hip Blazer
The Cocoon Long Coat,Power Hip Blazer
The Super Puff Bomber,Alchemy Dress
The Super Puff™ Mid,Supply Cargo Pant
The Duvet Puffer Mid,Izzy Cardigan
The Summit Parka Short,Contour Crew T-Shirt
The New Stedman Coat,Delilah Mini Dress
Ellipsis Luxe Cashmere Tank,Power Hip Blazer
The Super Puff₂O™ Shorty,Greenwich Pant
The Super Puff Bomber,The Effortless Pant
The New Stedman Coat,Agency Blazer
The Stedman Coat,Sno Polar Shirt
The Super Puff™ Mid,Refined Cargo Pant
The Stedman Coat,Only Slip Midi Dress
The Super Puff Bomber,TnaBUTTER™ Rhythm Jumpsuit
The New Stedman Coat,Contour Crew Longsleeve Bodysuit
The Super Puff Bomber,Izzy Cardigan
Ellipsis Luxe Cashmere Tank,The Connor Coat
The Super Puff Bomber,Alftan Luxe Cashmere Cardigan
Harper Sweater,The Effortless Pant
The Super Puff₂O™ Shorty,Power Hip Blazer
The Stedman Coat,Refined Cargo Pant
The Super Puff Bomber,Ty Cardigan
The Super Puff™ Mid,Contour Crew Longsleeve Bodysuit
The Stedman Coat,Runaway Blouse
The Cocoon Long Coat,Contour Crew Longsleeve Bodysuit
Harper Sweater,Ty Cardigan
Harper Sweater,The Super Puff™ Long
The Super Puff₂O™ Shorty,Contour Crew Longsleeve Bodysuit
